link,title,sub_title,level,published_dt,events,keywords,authors,toc,images,description,type
http://moz.com/academy/what-is-inbound?refid=skilledup,What is Inbound Marketing?,,,,,,,,['http://seomoz-cdn.wistia.com/deliveries/3ab401511fe3fa65484c08dc6bac13a3795f216a.jpg'],What is Inbound Marketing? Let's explore the differences between inbound and interruption marketing in this lesson.,
http://moz.com/academy/marketing-funnel?refid=skilledup,Understanding the Marketing Funnel,,,,,,,,['http://seomoz-cdn.wistia.com/deliveries/5634e8d303d49fd99cdabd03119ea3af5da3aeb8.jpg'],Learn about the classic marketing funnel and get ready to measure success with your customer story.,
http://moz.com/academy/evaluating-inbound-channels?refid=skilledup,Evaluating Inbound Channels,,,,,,,,['http://seomoz-cdn.wistia.com/deliveries/3bf90a4da25851c62926b486e5f472ae684d456e.jpg'],Learn about channels of inbound marketing. This is a good starting point to see what channels to invest in to get people to your website.,
http://moz.com/academy/start-inbound-campaign-with-mall-budget?refid=skilledup,Start an Inbound Campaign on a Small Budget,,,,,,,,['http://seomoz-cdn.wistia.com/deliveries/de763cff3d6d942cde2a97e92e0bb83072cb871d.jpg'],Start an effective inbound campaign if you're a smaller business or have a smaller budget.,
http://moz.com/academy/what-is-seo?refid=skilledup,What is SEO?,,,,,,,,['http://seomoz-cdn.wistia.com/deliveries/048d40141c6dc4367841b15863742e630b8d35da.jpg'],"In this lesson learn about the basics of SEO, or search engine optimization. Get started by increasing the quantity and quality of the traffic from Google, Yahoo, and Bing.",
http://moz.com/academy/how-does-google-rank-pages?refid=skilledup,How Do Search Engines Rank Pages?,,,,,,,,['http://seomoz-cdn.wistia.com/deliveries/383f12e68a3a9fb3fa91ef7b84f840bb326868bb.jpg'],We’re going to be talking about the classic web ranking algorithms and how search engines create classic web results.,
http://moz.com/academy/keyword-strategy?refid=skilledup,Keyword Strategy,,,,,,,,['http://seomoz-cdn.wistia.com/deliveries/8ddaebd6a9a5d5f7df072b68164c462fbba5242a.jpg'],Get started with your Keyword Strategy with these great tips and tactics.,
http://moz.com/academy/keyword-research?refid=skilledup,Keyword Research,,,,,,,,['http://seomoz-cdn.wistia.com/deliveries/752d773520cb04547c435aff46cdf80b03bbd624.jpg'],Get started with your Keyword Research with these great tips and tactics.,
http://moz.com/academy/on-page-keywords?refid=skilledup,On-Page Optimization for Keywords,,,,,,,,['http://seomoz-cdn.wistia.com/deliveries/a28305a75985dc94a291df923de6441040f9dcd6.jpg'],Learn how to target keywords for on-page optimization. Learn where you should have keywords and more.,
http://moz.com/academy/on-page-content-ux?refid=skilledup,On-Page Optimization for Content and UX,,,,,,,,['http://seomoz-cdn.wistia.com/deliveries/9308df68d4bfe79c6bba49f9484413e62597ac89.jpg'],On-page optimization on the content and UX we want to create. This is for people visiting your site and how a search engines sees your pages.,
http://moz.com/academy/website-architecture?refid=skilledup,Website Architecture and Internal Links,,,,,,,,['http://seomoz-cdn.wistia.com/deliveries/e19b46737c9c2c63151636af4cc92cee6b02368f.jpg'],Let's learn about website architecture and internal links. This is good if you who are developing websites from an SEO perspective.,
http://moz.com/academy/earning-and-building-links?refid=skilledup,The Value of Seeking and Earning Links,,,,,,,,['http://seomoz-cdn.wistia.com/deliveries/d74ebbd4f60438bf3770a3aab2cb98cb63db0acb.jpg'],Learn about seeking and earning links and how that differs from link building.,
http://moz.com/academy/how-search-engines-value-links?refid=skilledup,How Search Engines Value Links,,,,,,,,['http://seomoz-cdn.wistia.com/deliveries/8300b9901943f904d474bea5ad57867163160404.jpg'],Learn how search engines value links in this Moz Academy lesson.,
http://moz.com/academy/elements-of-links?refid=skilledup,Elements of a Link,,,,,,,,['http://seomoz-cdn.wistia.com/deliveries/0b673aa08dfebf5950a0856f576874b0b949e34c.jpg'],Learn the elements of a link! Then learn about how links work in embed codes and images.,
http://moz.com/academy/competitive-link-analysis?refid=skilledup,Competitive Link Analysis,,,,,,,,['http://seomoz-cdn.wistia.com/deliveries/4a6d125556573d08d2756ecd0c2a22231832bf7a.jpg'],In this lesson we’re talking about competitive link analysis! This is the process of identifying good link prospects and the people that you want to earn links from.,
http://moz.com/academy/social-media-strategy?refid=skilledup,Creating a Social Media Strategy,,,,,,,,['http://seomoz-cdn.wistia.com/deliveries/a83571ed05dfa01bdcd038953172f39774b266a2.jpg'],In this lesson learn about creating a social media strategy. This is really the first step in building a social media presence and you want to do it before you start investing in tactics.,
http://moz.com/academy/identify-social-channels?refid=skilledup,How to Identify the Right Social Channels,,,,,,,,['http://seomoz-cdn.wistia.com/deliveries/35c8d02dc05311cd216302c760344c89b126dd7c.jpg'],In this lesson learn about how to identify the right social channels for you business or blog!,
http://moz.com/academy/what-to-share-on-social-networks?refid=skilledup,What to Share on Social Networks,,,,,,,,['http://seomoz-cdn.wistia.com/deliveries/6b5c34975f6f2e1d10636dee196e529be88960a0.jpg'],Learn about what to share on social networks.,
http://moz.com/academy/facebook-marketing?refid=skilledup,Facebook Marketing,,,,,,,,['http://seomoz-cdn.wistia.com/deliveries/2214f55ac1cbcde1c93a26945a53caf449c52b70.jpg'],Learn a lesson on best practices for Facebook marketing at Moz Academy.,
http://moz.com/academy/twitter-marketing?refid=skilledup,Twitter Marketing,,,,,,,,['http://seomoz-cdn.wistia.com/deliveries/f66f10feac9b5d3de3963ddda671ee7302d84751.jpg'],Learn how to get started with Twitter marketing on Moz Academy.,
http://moz.com/academy/google-plus-marketing?refid=skilledup,Google+ Marketing,,,,,,,,['http://seomoz-cdn.wistia.com/deliveries/72b0e8642f3b65cc295b010338a945e6808420a4.jpg'],"Learn about Google+ marketing, set up, best practices, tracking, and improving engagement.",
http://moz.com/academy/content-marketing-can-help?refid=skilledup,Content Marketing Can Help Your Business,,,,,,,,['http://seomoz-cdn.wistia.com/deliveries/127b57c47beeda026e44c2bf3e3922ffdf884daa.jpg'],In this lesson we talk about how content marketing can help your business. Content marketing is a way to get your content in front of people.,
http://moz.com/academy/creating-successful-content?refid=skilledup,Creating Successful Content,,,,,,,,['http://seomoz-cdn.wistia.com/deliveries/1710509c1a9c663fdd2ec711b87c43d7632bfd47.jpg'],Learn how to create successful content that is worthy of people's time and eyes.,
http://moz.com/academy/metric-for-content?refid=skilledup,Metrics for Creating Successful Content,,,,,,,,['http://seomoz-cdn.wistia.com/deliveries/ea1e6cfa9819c264e60abcdfb6137c206790fcb2.jpg'],Learn about metrics for creating content that is successful and how to plan your content.,
http://moz.com/academy/content-creation?refid=skilledup,What Content Should I Consider Creating?,,,,,,,,['http://seomoz-cdn.wistia.com/deliveries/2ef1edc18817a984d0e336a3d33f4a1e0a6c31e9.jpg'],In this Moz Academy lesson we're talking about the forms of content that you might consider creating.,
