ASIN,Keyword,Rank,Results
B00B1TVRH4,how to lose weight fast,,"7,340"
B00B1TVRH4,how to lose weight,,"15,010"
B00B1TVRH4,lose weight fast,,"11,753"
B00B1TVRH4,weight loss pills,,"4,832"
B00B1TVRH4,diet pills,,"7,904"
B00B1TVRH4,best way to lose weight,,"1,748"
B00B1TVRH4,losing weight,,"17,715"
B00B1TVRH4,appetite suppressant,,"3,677"
B00B1TVRH4,best weight loss pills,,"1,490"
B00B1TVRH4,fastest way to lose weight,,188
B00B1TVRH4,lose weight,,"53,690"
B00B1TVRH4,best diet pills,,"1,342"
B00B1TVRH4,quick weight loss,,"3,793"
B00B1TVRH4,weight loss supplements,,"20,706"
B00B1TVRH4,diet pills that work,,475
B00B1TVRH4,appetite suppressants,28,"3,626"
B00B1TVRH4,fast weight loss,,"11,085"
B00B1TVRH4,natural appetite suppressant,35,"1,715"
B00B1TVRH4,losing weight fast,,"1,364"
B00B1TVRH4,ways to lose weight,,"8,035"
B00B1TVRH4,ways to lose weight fast,,571
B00B1TVRH4,fast weight loss,,"11,085"
B00B1TVRH4,rapid weight loss,,"7,451"
B00B1TVRH4,best weight loss supplement,,"3,356"
B00B1TVRH4,quickest way to lose weight,,71
B00B1TVRH4,lose weight in a week,,"1,534"
B00B1TVRH4,how to lose weight quickly,,433
B00B1TVRH4,best weight loss program,,"1,458"
B00B1TVRH4,easiest way to lose weight,,161
B00B1TVRH4,how to loose weight fast,,247
B00B1TVRH4,how to loose weight,,976
B00B1TVRH4,how can i lose weight,,"1,958"
B00B1TVRH4,best ways to lose weight,,"1,748"
B00B1TVRH4,i need to lose weight,,"1,200"
B00B1TVRH4,fat loss,,"34,049"
B00B1TVRH4,healthy weight loss,,"14,886"
B00B1TVRH4,fast way to lose weight,,571
B00B1TVRH4,weight management,,"29,529"
B00B1TVRH4,natural weight loss,,"13,734"
B00B1TVRH4,weight loss pills for women,,593
B00B1TVRH4,weight loss program,,"15,030"
B00B1TVRH4,easy way to lose weight,,639
B00B1TVRH4,loose weight,,"69,154"
B00B1TVRH4,best weight loss,,"12,949"
B00B1TVRH4,weight loss tips for women,,187
B00B1TVRH4,supplements for weight loss,,"20,691"
B00B1TVRH4,garcinia cambogia,13,"1,517"
B00B1TVRH4,garcinia cambogia extract,4,"1,023"
B00B1TVRH4,pure garcinia cambogia,30,738
B00B1TVRH4,dr. oz garcinia cambogia,32,422
B00B1TVRH4,dr oz garcinia cambogia,,431
B00B1TVRH4,garcinia cambogia dr oz,,433
B00B1TVRH4,garcinia cambogia dr. oz,,418
B00B1TVRH4,pure garcinia cambogia extract,24,646
B00B1TVRH4,garcinia cambogia extract pure,16,665
B00B1TVRH4,garcinia cambogia for weight loss,2,"1,097"
B00B1TVRH4,garcinia cambogia fruit,,364
B00B1TVRH4,garcinia cambogia hca,32,776
B00B1TVRH4,garcinia cambogia premium,23,320
B00B1TVRH4,garcinia cambogia weight loss,5,"1,099"
B00B1TVRH4,garcinia cambogia vitamin shoppe,,36
B00B1TVRH4,garcinia cambogia gold,,79
B00B1TVRH4,garcinia cambogia max,,160
B00B1TVRH4,garcinia cambogia select,,87
B00B1TVRH4,garcinia cambogia ultra,,190
B00B1TVRH4,garcinia cambogia diet,,535
B00B1TVRH4,garcinia cambogia cleanse,,133
B00B1TVRH4,nutrigold garcinia cambogia gold,,44
B00B1TVRH4,garcinia cambogia pills,26,380
B00B1TVRH4,garcinia cambogia in stores,,164
B00B1TVRH4,garcinia cambogia extract with potassium,1,293
B00B1TVRH4,garcinia cambogia supplement,13,"1,004"
B00B1TVRH4,pure garcinia cambogia extract dr oz,24,331
B00B1TVRH4,pure garcinia cambogia extract dr. oz,,306
B00B1TVRH4,garcinia cambogia with potassium,1,301
B00B1TVRH4,garcinia cambogia pure extract,20,625
B00B1TVRH4,garcinia cambogia pure,14,702
B00B1TVRH4,garcinia cambogia bean,,198
B00B1TVRH4,garcinia cambogia for men,,127
B00B1TVRH4,garcinia cambogia formula,,304
B00B1TVRH4,garcinia cambogia ingredients,,442
B00B1TVRH4,garcinia cambogia powder,,106
B00B1TVRH4,garcinia cambogia on dr. oz,,229
B00B1TVRH4,garcinia cambogia on dr oz,,229
B00B1TVRH4,garcinia cambogia ultra premium,,125
B00B1TVRH4,garcinia cambogia plus,,195
B00B1TVRH4,garcinia cambogia and colon cleanse,,79
B00B1TVRH4,garcinia cambogia genesis today,,43
B00B1TVRH4,garcinia cambogia dietary supplement,,180
B00B1TVRH4,garcinia cambogia xt,,25
B00B1TVRH4,garcinia cambogia fda approved,,55
B00B1TVRH4,garcinia cambogia made in usa,,270
B00B1TVRH4,garcinia cambogia seeds,,25
B00B1TVRH4,garcinia cambogia diet pills,,309
B00B1TVRH4,garcinia cambogia with hca,,743
B00B1TVRH4,garcinia cambogia capsules,18,798
B00B1TVRH4,garcinia cambogia nutrigold,,48
B00B1TVRH4,garcinia cambogia colon cleanse,,79
B00B1TVRH4,garcinia cambogia oz,,472
B00B1TVRH4,garcinia cambogia rind extract,,62
B00B1TVRH4,garcinia cambogia reviews 2013,,7
B00B1TVRH4,garcinia cambogia with 60 hca,,529
B00B1TVRH4,garcinia cambogia pure health,16,685
B00B1TVRH4,garcinia cambogia hca extract,,647
B00B1TVRH4,garcinia cambogia drops,,85
B00B1TVRH4,garcinia cambogia complex,,39
B00B1TVRH4,garcinia cambogia liquid extract,17,81
B00B1TVRH4,garcinia cambogia max cleanse,,73
B00B1TVRH4,garcinia cambogia tea,,165
B00B1TVRH4,garcinia cambogia miracle,,125
B00B1TVRH4,garcinia cambogia liquid,24,101
B00B1TVRH4,garcinia cambogia and green coffee bean extract,,122
B00B1TVRH4,garcinia cambogia citrimax,,90
B00B1TVRH4,garcinia cambogia organic,,111
B00B1TVRH4,garcinia cambogia and raspberry ketones,,130
B00B1TVRH4,garcinia cambogia with chromium,,182
B00B1TVRH4,garcinia cambogia burn,,310
B00B1TVRH4,garcinia cambogia swanson,,33
B00B1TVRH4,garcinia cambogia extra,,110
B00B1TVRH4,garcinia cambogia fat burner,,292
B00B1TVRH4,garcinia cambogia extract 1000mg,11,255
B00B1TVRH4,garcinia cambogia coffee,,232
B00B1TVRH4,garcinia cambogia cleanse pill,,90
B00B1TVRH4,garcinia cambogia healthy choice,,35
B00B1TVRH4,garcinia cambogia natural,27,683
B00B1TVRH4,garcinia cambogia as seen on dr oz,,80
B00B1TVRH4,garcinia cambogia super citrimax,,66
B00B1TVRH4,garcinia cambogia verified,,51
B00B1TVRH4,garcinia cambogia raw,,27
B00B1TVRH4,garcinia cambogia formula reviews,,26
B00B1TVRH4,garcinia cambogia tablets,,99
B00B1TVRH4,garcinia cambogia xt with african mango,,7
B00B1TVRH4,garcinia cambogia nature made,,54
B00B1TVRH4,garcinia cambogia hca 60,,531
B00B1TVRH4,garcinia cambogia hca potassium salts,,11
B00B1TVRH4,garcinia cambogia juice,,23
B00B1TVRH4,garcinia cambogia australia,,15
B00B1TVRH4,garcinia cambogia genesis,,48
B00B1TVRH4,garcinia cambogia lean,,143
B00B1TVRH4,garcinia cambogia extreme,,60
B00B1TVRH4,garcinia cambogia original,,72
