url,Item number,Title,Image URL,Product Code,Product Type,Width,Metal,Finish,Description,Ring Size
http://www.silverpalaceinc.com/wholesale-925-sterling-silver-316-stainless-steel-rhodium-brass-rings/wholesale-925-sterling-silver-toe-rings/wholesale-silver-rings-toe-925-ladies-sterling-jewelry-cztr1,cztr1,Wholesale Silver Rings Toe .925 Ladies Sterling Jewelry cztr1 ,http://www.silverpalaceinc.com/image/cache/data/products/wholesale-silver-rings-toe-925-ladies-sterling-jewelry-cztr1-667-1000x1000.jpg,cztr1,Ring,,.925 Sterling Silver,Rhodium Plated,crown cz toe ring,
http://www.silverpalaceinc.com/wholesale-925-sterling-silver-316-stainless-steel-rhodium-brass-rings/wholesale-925-sterling-silver-toe-rings/wholesale-silver-rings-toe-925-ladies-sterling-jewelry-cztr10,cztr10,Wholesale Silver Rings Toe .925 Ladies Sterling Jewelry cztr10 ,http://www.silverpalaceinc.com/image/cache/data/products/wholesale-silver-rings-toe-925-ladies-sterling-jewelry-cztr10-110-1000x1000.jpg,cztr10,Ring,,.925 Sterling Silver,Rhodium Plated,skull cross bone cz toe ring,
http://www.silverpalaceinc.com/wholesale-925-sterling-silver-316-stainless-steel-rhodium-brass-rings/wholesale-925-sterling-silver-toe-rings/wholesale-silver-rings-toe-925-ladies-sterling-jewelry-cztr11,cztr11,Wholesale Silver Rings Toe .925 Ladies Sterling Jewelry cztr11 ,http://www.silverpalaceinc.com/image/cache/data/products/wholesale-silver-rings-toe-925-ladies-sterling-jewelry-cztr11-507-1000x1000.jpg,cztr11,Ring,,.925 Sterling Silver,Rhodium Plated,open star cz toe ring,
http://www.silverpalaceinc.com/wholesale-925-sterling-silver-316-stainless-steel-rhodium-brass-rings/wholesale-925-sterling-silver-toe-rings/wholesale-silver-rings-toe-925-ladies-sterling-jewelry-cztr2,cztr2,Wholesale Silver Rings Toe .925 Ladies Sterling Jewelry cztr2 ,http://www.silverpalaceinc.com/image/cache/data/products/wholesale-silver-rings-toe-925-ladies-sterling-jewelry-cztr2-561-1000x1000.jpg,cztr2,Ring,,.925 Sterling Silver,Rhodium Plated,open heart cz toe ring,
http://www.silverpalaceinc.com/wholesale-925-sterling-silver-316-stainless-steel-rhodium-brass-rings/wholesale-925-sterling-silver-toe-rings/wholesale-silver-rings-toe-925-ladies-sterling-jewelry-cztr3,cztr3,Wholesale Silver Rings Toe .925 Ladies Sterling Jewelry cztr3 ,http://www.silverpalaceinc.com/image/cache/data/products/wholesale-silver-rings-toe-925-ladies-sterling-jewelry-cztr3-630-1000x1000.jpg,cztr3,Ring,,.925 Sterling Silver,Rhodium Plated,dragonfly cz toe ring,
http://www.silverpalaceinc.com/wholesale-925-sterling-silver-316-stainless-steel-rhodium-brass-rings/wholesale-925-sterling-silver-toe-rings/wholesale-silver-rings-toe-925-ladies-sterling-jewelry-cztr4,cztr4,Wholesale Silver Rings Toe .925 Ladies Sterling Jewelry cztr4 ,http://www.silverpalaceinc.com/image/cache/data/products/wholesale-silver-rings-toe-925-ladies-sterling-jewelry-cztr4-785-1000x1000.jpg,cztr4,Ring,,.925 Sterling Silver,Rhodium Plated,half moon cz toe ring,
http://www.silverpalaceinc.com/wholesale-925-sterling-silver-316-stainless-steel-rhodium-brass-rings/wholesale-925-sterling-silver-toe-rings/wholesale-silver-rings-toe-925-ladies-sterling-jewelry-cztr5,cztr5,Wholesale Silver Rings Toe .925 Ladies Sterling Jewelry cztr5 ,http://www.silverpalaceinc.com/image/cache/data/products/wholesale-silver-rings-toe-925-ladies-sterling-jewelry-cztr5-755-1000x1000.jpg,cztr5,Ring,,.925 Sterling Silver,Rhodium Plated,5 cz toe ring,
http://www.silverpalaceinc.com/wholesale-925-sterling-silver-316-stainless-steel-rhodium-brass-rings/wholesale-925-sterling-silver-toe-rings/wholesale-silver-rings-toe-925-ladies-sterling-jewelry-cztr6,cztr6,Wholesale Silver Rings Toe .925 Ladies Sterling Jewelry cztr6 ,http://www.silverpalaceinc.com/image/cache/data/products/wholesale-silver-rings-toe-925-ladies-sterling-jewelry-cztr6-608-1000x1000.jpg,cztr6,Ring,,.925 Sterling Silver,Rhodium Plated,daisy flower toe ring,
http://www.silverpalaceinc.com/wholesale-925-sterling-silver-316-stainless-steel-rhodium-brass-rings/wholesale-925-sterling-silver-toe-rings/wholesale-silver-rings-toe-925-ladies-sterling-jewelry-cztr7,cztr7,Wholesale Silver Rings Toe .925 Ladies Sterling Jewelry cztr7 ,http://www.silverpalaceinc.com/image/cache/data/products/wholesale-silver-rings-toe-925-ladies-sterling-jewelry-cztr7-890-1000x1000.jpg,cztr7,Ring,,.925 Sterling Silver,Rhodium Plated,rock design toe ring,
http://www.silverpalaceinc.com/wholesale-925-sterling-silver-316-stainless-steel-rhodium-brass-rings/wholesale-925-sterling-silver-toe-rings/wholesale-silver-rings-toe-925-ladies-sterling-jewelry-tr100c,tr100c,Wholesale Silver Rings Toe .925 Ladies Sterling Jewelry tr100c ,http://www.silverpalaceinc.com/image/cache/data/products/wholesale-silver-rings-toe-925-ladies-sterling-jewelry-tr100c-811-1000x1000.jpg,tr100c,Ring,,.925 Sterling Silver,Rhodium Plated,Silver continous toe ring. 1.00 gr.,
http://www.silverpalaceinc.com/wholesale-925-sterling-silver-316-stainless-steel-rhodium-brass-rings/wholesale-925-sterling-silver-toe-rings/wholesale-silver-rings-toe-925-ladies-sterling-jewelry-tr101c,tr101c,Wholesale Silver Rings Toe .925 Ladies Sterling Jewelry tr101c ,http://www.silverpalaceinc.com/image/cache/data/products/wholesale-silver-rings-toe-925-ladies-sterling-jewelry-tr101c-896-1000x1000.jpg,tr101c,Ring,,.925 Sterling Silver,Rhodium Plated,Silver continous toe ring. .90 gr.,
http://www.silverpalaceinc.com/wholesale-925-sterling-silver-316-stainless-steel-rhodium-brass-rings/wholesale-925-sterling-silver-toe-rings/wholesale-silver-rings-toe-925-ladies-sterling-jewelry-tr102c,tr102c,Wholesale Silver Rings Toe .925 Ladies Sterling Jewelry tr102c ,http://www.silverpalaceinc.com/image/cache/data/products/wholesale-silver-rings-toe-925-ladies-sterling-jewelry-tr102c-977-1000x1000.jpg,tr102c,Ring,,.925 Sterling Silver,Rhodium Plated,Silver continous toe ring. 1.20 gr.,
http://www.silverpalaceinc.com/wholesale-925-sterling-silver-316-stainless-steel-rhodium-brass-rings/wholesale-925-sterling-silver-toe-rings/wholesale-silver-rings-toe-925-ladies-sterling-jewelry-tr103c,tr103c,Wholesale Silver Rings Toe .925 Ladies Sterling Jewelry tr103c ,http://www.silverpalaceinc.com/image/cache/data/products/wholesale-silver-rings-toe-925-ladies-sterling-jewelry-tr103c-891-1000x1000.jpg,tr103c,Ring,,.925 Sterling Silver,Rhodium Plated,Silver continous toe ring. 1.70 gr.,
http://www.silverpalaceinc.com/wholesale-925-sterling-silver-316-stainless-steel-rhodium-brass-rings/wholesale-925-sterling-silver-toe-rings/wholesale-silver-rings-toe-925-ladies-sterling-jewelry-tr110,tr110,Wholesale Silver Rings Toe .925 Ladies Sterling Jewelry tr110 ,http://www.silverpalaceinc.com/image/cache/data/products/wholesale-silver-rings-toe-925-ladies-sterling-jewelry-tr110-208-1000x1000.jpg,tr110,Ring,,.925 Sterling Silver,Rhodium Plated,Silver adjustable toe ring. 1.10 gr.,
http://www.silverpalaceinc.com/wholesale-925-sterling-silver-316-stainless-steel-rhodium-brass-rings/wholesale-925-sterling-silver-toe-rings/wholesale-silver-rings-toe-925-ladies-sterling-jewelry-tr111,tr111,Wholesale Silver Rings Toe .925 Ladies Sterling Jewelry tr111 ,http://www.silverpalaceinc.com/image/cache/data/products/wholesale-silver-rings-toe-925-ladies-sterling-jewelry-tr111-642-1000x1000.jpg,tr111,Ring,,.925 Sterling Silver,Rhodium Plated,Silver adjustable toe ring. 1.50 gr.,
http://www.silverpalaceinc.com/wholesale-925-sterling-silver-316-stainless-steel-rhodium-brass-rings/wholesale-925-sterling-silver-toe-rings/wholesale-silver-rings-toe-925-ladies-sterling-jewelry-tr111c,tr111c,Wholesale Silver Rings Toe .925 Ladies Sterling Jewelry tr111c ,http://www.silverpalaceinc.com/image/cache/data/products/wholesale-silver-rings-toe-925-ladies-sterling-jewelry-tr111c-580-1000x1000.jpg,tr111c,Ring,,.925 Sterling Silver,Rhodium Plated,Silver continous toe ring. 1.50 gr.,
http://www.silverpalaceinc.com/wholesale-925-sterling-silver-316-stainless-steel-rhodium-brass-rings/wholesale-925-sterling-silver-toe-rings/wholesale-silver-rings-toe-925-ladies-sterling-jewelry-tr112,tr112,Wholesale Silver Rings Toe .925 Ladies Sterling Jewelry tr112 ,http://www.silverpalaceinc.com/image/cache/data/products/wholesale-silver-rings-toe-925-ladies-sterling-jewelry-tr112-951-1000x1000.jpg,tr112,Ring,,.925 Sterling Silver,Rhodium Plated,Silver adjustable toe ring. 1.30 gr.,
http://www.silverpalaceinc.com/wholesale-925-sterling-silver-316-stainless-steel-rhodium-brass-rings/wholesale-925-sterling-silver-toe-rings/wholesale-silver-rings-toe-925-ladies-sterling-jewelry-tr113,tr113,Wholesale Silver Rings Toe .925 Ladies Sterling Jewelry tr113 ,http://www.silverpalaceinc.com/image/cache/data/products/wholesale-silver-rings-toe-925-ladies-sterling-jewelry-tr113-358-1000x1000.jpg,tr113,Ring,,.925 Sterling Silver,Rhodium Plated,Silver adjustable toe ring. 1.30 gr.,
http://www.silverpalaceinc.com/wholesale-925-sterling-silver-316-stainless-steel-rhodium-brass-rings/wholesale-925-sterling-silver-toe-rings/wholesale-silver-rings-toe-925-ladies-sterling-jewelry-tr114,tr114,Wholesale Silver Rings Toe .925 Ladies Sterling Jewelry tr114 ,http://www.silverpalaceinc.com/image/cache/data/products/wholesale-silver-rings-toe-925-ladies-sterling-jewelry-tr114-444-1000x1000.jpg,tr114,Ring,,.925 Sterling Silver,Rhodium Plated,Silver adjustable toe ring. 1.70 gr.,
http://www.silverpalaceinc.com/wholesale-925-sterling-silver-316-stainless-steel-rhodium-brass-rings/wholesale-925-sterling-silver-toe-rings/wholesale-silver-rings-toe-925-ladies-sterling-jewelry-tr114c,tr114c,Wholesale Silver Rings Toe .925 Ladies Sterling Jewelry tr114c ,http://www.silverpalaceinc.com/image/cache/data/products/wholesale-silver-rings-toe-925-ladies-sterling-jewelry-tr114c-356-1000x1000.jpg,tr114c,Ring,,.925 Sterling Silver,Rhodium Plated,Silver continous toe ring. 1.50 gr.,
http://www.silverpalaceinc.com/wholesale-925-sterling-silver-316-stainless-steel-rhodium-brass-rings/wholesale-925-sterling-silver-toe-rings/wholesale-silver-rings-toe-925-ladies-sterling-jewelry-tr115,tr115,Wholesale Silver Rings Toe .925 Ladies Sterling Jewelry tr115 ,http://www.silverpalaceinc.com/image/cache/data/products/wholesale-silver-rings-toe-925-ladies-sterling-jewelry-tr115-739-1000x1000.jpg,tr115,Ring,,.925 Sterling Silver,Rhodium Plated,Silver adjustable toe ring. 1.90 gr.,
http://www.silverpalaceinc.com/wholesale-925-sterling-silver-316-stainless-steel-rhodium-brass-rings/wholesale-925-sterling-silver-toe-rings/wholesale-silver-rings-toe-925-ladies-sterling-jewelry-tr116,tr116,Wholesale Silver Rings Toe .925 Ladies Sterling Jewelry tr116 ,http://www.silverpalaceinc.com/image/cache/data/products/wholesale-silver-rings-toe-925-ladies-sterling-jewelry-tr116-533-1000x1000.jpg,tr116,Ring,,.925 Sterling Silver,Rhodium Plated,Silver adjustable toe ring. 1.30 gr.,
http://www.silverpalaceinc.com/wholesale-925-sterling-silver-316-stainless-steel-rhodium-brass-rings/wholesale-925-sterling-silver-toe-rings/wholesale-silver-rings-toe-925-ladies-sterling-jewelry-tr116c,tr116c,Wholesale Silver Rings Toe .925 Ladies Sterling Jewelry tr116c ,http://www.silverpalaceinc.com/image/cache/data/products/wholesale-silver-rings-toe-925-ladies-sterling-jewelry-tr116c-362-1000x1000.jpg,tr116c,Ring,,.925 Sterling Silver,Rhodium Plated,Silver continous toe ring. 1.30 gr.,
http://www.silverpalaceinc.com/wholesale-925-sterling-silver-316-stainless-steel-rhodium-brass-rings/wholesale-925-sterling-silver-toe-rings/wholesale-silver-rings-toe-925-ladies-sterling-jewelry-tr117,tr117,Wholesale Silver Rings Toe .925 Ladies Sterling Jewelry tr117 ,http://www.silverpalaceinc.com/image/cache/data/products/wholesale-silver-rings-toe-925-ladies-sterling-jewelry-tr117-471-1000x1000.jpg,tr117,Ring,,.925 Sterling Silver,Rhodium Plated,Silver adjustable toe ring. 1.70 gr.,
http://www.silverpalaceinc.com/wholesale-925-sterling-silver-316-stainless-steel-rhodium-brass-rings/wholesale-925-sterling-silver-toe-rings/wholesale-silver-rings-toe-925-ladies-sterling-jewelry-tr118,tr118,Wholesale Silver Rings Toe .925 Ladies Sterling Jewelry tr118 ,http://www.silverpalaceinc.com/image/cache/data/products/wholesale-silver-rings-toe-925-ladies-sterling-jewelry-tr118-216-1000x1000.jpg,tr118,Ring,,.925 Sterling Silver,Rhodium Plated,Silver adjustable toe ring. 1.60 gr.,
http://www.silverpalaceinc.com/wholesale-925-sterling-silver-316-stainless-steel-rhodium-brass-rings/wholesale-925-sterling-silver-toe-rings/wholesale-silver-rings-toe-925-ladies-sterling-jewelry-tr118c,tr118c,Wholesale Silver Rings Toe .925 Ladies Sterling Jewelry tr118c ,http://www.silverpalaceinc.com/image/cache/data/products/wholesale-silver-rings-toe-925-ladies-sterling-jewelry-tr118c-453-1000x1000.jpg,tr118c,Ring,,.925 Sterling Silver,Rhodium Plated,Silver continous toe ring. 1.60 gr.,
http://www.silverpalaceinc.com/wholesale-925-sterling-silver-316-stainless-steel-rhodium-brass-rings/wholesale-925-sterling-silver-toe-rings/wholesale-silver-rings-toe-925-ladies-sterling-jewelry-tr119,tr119,Wholesale Silver Rings Toe .925 Ladies Sterling Jewelry tr119 ,http://www.silverpalaceinc.com/image/cache/data/products/wholesale-silver-rings-toe-925-ladies-sterling-jewelry-tr119-118-1000x1000.jpg,tr119,Ring,,.925 Sterling Silver,Rhodium Plated,Silver adjustable toe ring. 1.20 gr.,
http://www.silverpalaceinc.com/wholesale-925-sterling-silver-316-stainless-steel-rhodium-brass-rings/wholesale-925-sterling-silver-toe-rings/wholesale-silver-rings-toe-925-ladies-sterling-jewelry-tr119c,tr119c,Wholesale Silver Rings Toe .925 Ladies Sterling Jewelry tr119c ,http://www.silverpalaceinc.com/image/cache/data/products/wholesale-silver-rings-toe-925-ladies-sterling-jewelry-tr119c-120-1000x1000.jpg,tr119c,Ring,,.925 Sterling Silver,Rhodium Plated,Silver continous toe ring. 1.30 gr.,
http://www.silverpalaceinc.com/wholesale-925-sterling-silver-316-stainless-steel-rhodium-brass-rings/wholesale-925-sterling-silver-toe-rings/wholesale-silver-rings-toe-925-ladies-sterling-jewelry-tr120,tr120,Wholesale Silver Rings Toe .925 Ladies Sterling Jewelry tr120 ,http://www.silverpalaceinc.com/image/cache/data/products/wholesale-silver-rings-toe-925-ladies-sterling-jewelry-tr120-678-1000x1000.jpg,tr120,Ring,,.925 Sterling Silver,Rhodium Plated,Silver adjustable toe ring. 1.20 gr.,
http://www.silverpalaceinc.com/wholesale-925-sterling-silver-316-stainless-steel-rhodium-brass-rings/wholesale-925-sterling-silver-toe-rings/wholesale-silver-rings-toe-925-ladies-sterling-jewelry-tr120c,tr120c,Wholesale Silver Rings Toe .925 Ladies Sterling Jewelry tr120c ,http://www.silverpalaceinc.com/image/cache/data/products/wholesale-silver-rings-toe-925-ladies-sterling-jewelry-tr120c-436-1000x1000.jpg,tr120c,Ring,,.925 Sterling Silver,Rhodium Plated,Silver continous toe ring. 2.00 gr.,
http://www.silverpalaceinc.com/wholesale-925-sterling-silver-316-stainless-steel-rhodium-brass-rings/wholesale-925-sterling-silver-toe-rings/wholesale-silver-rings-toe-925-ladies-sterling-jewelry-tr121,tr121,Wholesale Silver Rings Toe .925 Ladies Sterling Jewelry tr121 ,http://www.silverpalaceinc.com/image/cache/data/products/wholesale-silver-rings-toe-925-ladies-sterling-jewelry-tr121-550-1000x1000.jpg,tr121,Ring,,.925 Sterling Silver,Rhodium Plated,Silver adjustable toe ring. .80 gr.,
http://www.silverpalaceinc.com/wholesale-925-sterling-silver-316-stainless-steel-rhodium-brass-rings/wholesale-925-sterling-silver-toe-rings/wholesale-silver-rings-toe-925-ladies-sterling-jewelry-tr121c,tr121c,Wholesale Silver Rings Toe .925 Ladies Sterling Jewelry tr121c ,http://www.silverpalaceinc.com/image/cache/data/products/wholesale-silver-rings-toe-925-ladies-sterling-jewelry-tr121c-908-1000x1000.jpg,tr121c,Ring,,.925 Sterling Silver,Rhodium Plated,Silver continous toe ring. .70 gr.,
http://www.silverpalaceinc.com/wholesale-925-sterling-silver-316-stainless-steel-rhodium-brass-rings/wholesale-925-sterling-silver-toe-rings/wholesale-silver-rings-toe-925-ladies-sterling-jewelry-tr122,tr122,Wholesale Silver Rings Toe .925 Ladies Sterling Jewelry tr122 ,http://www.silverpalaceinc.com/image/cache/data/products/wholesale-silver-rings-toe-925-ladies-sterling-jewelry-tr122-931-1000x1000.jpg,tr122,Ring,,.925 Sterling Silver,Rhodium Plated,Silver adjustable toe ring. 1.10 gr.,
http://www.silverpalaceinc.com/wholesale-925-sterling-silver-316-stainless-steel-rhodium-brass-rings/wholesale-925-sterling-silver-toe-rings/wholesale-silver-rings-toe-925-ladies-sterling-jewelry-tr123,tr123,Wholesale Silver Rings Toe .925 Ladies Sterling Jewelry tr123 ,http://www.silverpalaceinc.com/image/cache/data/products/wholesale-silver-rings-toe-925-ladies-sterling-jewelry-tr123-511-1000x1000.jpg,tr123,Ring,,.925 Sterling Silver,Rhodium Plated,Silver adjustable toe ring. .90 gr.,
http://www.silverpalaceinc.com/wholesale-925-sterling-silver-316-stainless-steel-rhodium-brass-rings/wholesale-925-sterling-silver-toe-rings/wholesale-silver-rings-toe-925-ladies-sterling-jewelry-tr124,tr124,Wholesale Silver Rings Toe .925 Ladies Sterling Jewelry tr124 ,http://www.silverpalaceinc.com/image/cache/data/products/wholesale-silver-rings-toe-925-ladies-sterling-jewelry-tr124-556-1000x1000.jpg,tr124,Ring,,.925 Sterling Silver,Rhodium Plated,Silver adjustable toe ring. 2.00 gr.,
http://www.silverpalaceinc.com/wholesale-925-sterling-silver-316-stainless-steel-rhodium-brass-rings/wholesale-925-sterling-silver-toe-rings/wholesale-silver-rings-toe-925-ladies-sterling-jewelry-tr125,tr125,Wholesale Silver Rings Toe .925 Ladies Sterling Jewelry tr125 ,http://www.silverpalaceinc.com/image/cache/data/products/wholesale-silver-rings-toe-925-ladies-sterling-jewelry-tr125-805-1000x1000.jpg,tr125,Ring,,.925 Sterling Silver,Rhodium Plated,Silver adjustable toe ring. 1.40 gr.,
http://www.silverpalaceinc.com/wholesale-925-sterling-silver-316-stainless-steel-rhodium-brass-rings/wholesale-925-sterling-silver-toe-rings/wholesale-silver-rings-toe-925-ladies-sterling-jewelry-tr126,tr126,Wholesale Silver Rings Toe .925 Ladies Sterling Jewelry tr126 ,http://www.silverpalaceinc.com/image/cache/data/products/wholesale-silver-rings-toe-925-ladies-sterling-jewelry-tr126-433-1000x1000.jpg,tr126,Ring,,.925 Sterling Silver,Rhodium Plated,Silver adjustable toe ring. 1.40 gr.,
http://www.silverpalaceinc.com/wholesale-925-sterling-silver-316-stainless-steel-rhodium-brass-rings/wholesale-925-sterling-silver-toe-rings/wholesale-silver-rings-toe-925-ladies-sterling-jewelry-tr126c,tr126c,Wholesale Silver Rings Toe .925 Ladies Sterling Jewelry tr126c ,http://www.silverpalaceinc.com/image/cache/data/products/wholesale-silver-rings-toe-925-ladies-sterling-jewelry-tr126c-147-1000x1000.jpg,tr126c,Ring,,.925 Sterling Silver,Rhodium Plated,Silver continous toe ring. 1.50 gr.,
http://www.silverpalaceinc.com/wholesale-925-sterling-silver-316-stainless-steel-rhodium-brass-rings/wholesale-925-sterling-silver-toe-rings/wholesale-silver-rings-toe-925-ladies-sterling-jewelry-tr127,tr127,Wholesale Silver Rings Toe .925 Ladies Sterling Jewelry tr127 ,http://www.silverpalaceinc.com/image/cache/data/products/wholesale-silver-rings-toe-925-ladies-sterling-jewelry-tr127-733-1000x1000.jpg,tr127,Ring,,.925 Sterling Silver,Rhodium Plated,Silver adjustable toe ring. 1.70 gr.,
http://www.silverpalaceinc.com/wholesale-925-sterling-silver-316-stainless-steel-rhodium-brass-rings/wholesale-925-sterling-silver-toe-rings/wholesale-silver-rings-toe-925-ladies-sterling-jewelry-tr128,tr128,Wholesale Silver Rings Toe .925 Ladies Sterling Jewelry tr128 ,http://www.silverpalaceinc.com/image/cache/data/products/wholesale-silver-rings-toe-925-ladies-sterling-jewelry-tr128-407-1000x1000.jpg,tr128,Ring,,.925 Sterling Silver,Rhodium Plated,Silver adjustable toe ring. 1.40 gr.,
http://www.silverpalaceinc.com/wholesale-925-sterling-silver-316-stainless-steel-rhodium-brass-rings/wholesale-925-sterling-silver-toe-rings/wholesale-silver-rings-toe-925-ladies-sterling-jewelry-tr139,tr139,Wholesale Silver Rings Toe .925 Ladies Sterling Jewelry tr139 ,http://www.silverpalaceinc.com/image/cache/data/products/wholesale-silver-rings-toe-925-ladies-sterling-jewelry-tr139-696-1000x1000.jpg,tr139,Ring,,.925 Sterling Silver,Rhodium Plated,Silver adjustable toe ring. .80 gr.,
http://www.silverpalaceinc.com/wholesale-925-sterling-silver-316-stainless-steel-rhodium-brass-rings/wholesale-925-sterling-silver-toe-rings/wholesale-silver-rings-toe-925-ladies-sterling-jewelry-tr139c,tr139c,Wholesale Silver Rings Toe .925 Ladies Sterling Jewelry tr139c ,http://www.silverpalaceinc.com/image/cache/data/products/wholesale-silver-rings-toe-925-ladies-sterling-jewelry-tr139c-220-1000x1000.jpg,tr139c,Ring,,.925 Sterling Silver,Rhodium Plated,Silver continous toe ring. 1.80 gr.,
http://www.silverpalaceinc.com/wholesale-925-sterling-silver-316-stainless-steel-rhodium-brass-rings/wholesale-925-sterling-silver-toe-rings/wholesale-silver-rings-toe-925-ladies-sterling-jewelry-tr141,tr141,Wholesale Silver Rings Toe .925 Ladies Sterling Jewelry tr141 ,http://www.silverpalaceinc.com/image/cache/data/products/wholesale-silver-rings-toe-925-ladies-sterling-jewelry-tr141-204-1000x1000.jpg,tr141,Ring,,.925 Sterling Silver,Rhodium Plated,Silver adjustable toe ring. 1.00 gr.,
http://www.silverpalaceinc.com/wholesale-925-sterling-silver-316-stainless-steel-rhodium-brass-rings/wholesale-925-sterling-silver-toe-rings/wholesale-silver-rings-toe-925-ladies-sterling-jewelry-tr141c,tr141c,Wholesale Silver Rings Toe .925 Ladies Sterling Jewelry tr141c ,http://www.silverpalaceinc.com/image/cache/data/products/wholesale-silver-rings-toe-925-ladies-sterling-jewelry-tr141c-940-1000x1000.jpg,tr141c,Ring,,.925 Sterling Silver,Rhodium Plated,Silver continous toe ring. .90 gr.,
http://www.silverpalaceinc.com/wholesale-925-sterling-silver-316-stainless-steel-rhodium-brass-rings/wholesale-925-sterling-silver-toe-rings/wholesale-silver-rings-toe-925-ladies-sterling-jewelry-tr146,tr146,Wholesale Silver Rings Toe .925 Ladies Sterling Jewelry tr146 ,http://www.silverpalaceinc.com/image/cache/data/products/wholesale-silver-rings-toe-925-ladies-sterling-jewelry-tr146-889-1000x1000.jpg,tr146,Ring,,.925 Sterling Silver,Rhodium Plated,Silver adjustable toe ring. 1.00 gr.,
http://www.silverpalaceinc.com/wholesale-925-sterling-silver-316-stainless-steel-rhodium-brass-rings/wholesale-925-sterling-silver-toe-rings/wholesale-silver-rings-toe-925-ladies-sterling-jewelry-tr146c,tr146c,Wholesale Silver Rings Toe .925 Ladies Sterling Jewelry tr146c ,http://www.silverpalaceinc.com/image/cache/data/products/wholesale-silver-rings-toe-925-ladies-sterling-jewelry-tr146c-751-1000x1000.jpg,tr146c,Ring,,.925 Sterling Silver,Rhodium Plated,Silver continous toe ring. 1.20 gr.,
http://www.silverpalaceinc.com/wholesale-925-sterling-silver-316-stainless-steel-rhodium-brass-rings/wholesale-925-sterling-silver-toe-rings/wholesale-silver-rings-toe-925-ladies-sterling-jewelry-tr147,tr147,Wholesale Silver Rings Toe .925 Ladies Sterling Jewelry tr147 ,http://www.silverpalaceinc.com/image/cache/data/products/wholesale-silver-rings-toe-925-ladies-sterling-jewelry-tr147-678-1000x1000.jpg,tr147,Ring,,.925 Sterling Silver,Rhodium Plated,Silver adjustable toe ring. 1.30 gr.,
http://www.silverpalaceinc.com/wholesale-925-sterling-silver-316-stainless-steel-rhodium-brass-rings/wholesale-925-sterling-silver-toe-rings/wholesale-silver-rings-toe-925-ladies-sterling-jewelry-tr148,tr148,Wholesale Silver Rings Toe .925 Ladies Sterling Jewelry tr148 ,http://www.silverpalaceinc.com/image/cache/data/products/wholesale-silver-rings-toe-925-ladies-sterling-jewelry-tr148-689-1000x1000.jpg,tr148,Ring,,.925 Sterling Silver,Rhodium Plated,Silver adjustable toe ring. 1.00 gr.,
http://www.silverpalaceinc.com/wholesale-925-sterling-silver-316-stainless-steel-rhodium-brass-rings/wholesale-925-sterling-silver-toe-rings/wholesale-silver-rings-toe-925-ladies-sterling-jewelry-tr148c,tr148c,Wholesale Silver Rings Toe .925 Ladies Sterling Jewelry tr148c ,http://www.silverpalaceinc.com/image/cache/data/products/wholesale-silver-rings-toe-925-ladies-sterling-jewelry-tr148c-203-1000x1000.jpg,tr148c,Ring,,.925 Sterling Silver,Rhodium Plated,Silver continous toe ring. 1.00 gr.,
http://www.silverpalaceinc.com/wholesale-925-sterling-silver-316-stainless-steel-rhodium-brass-rings/wholesale-925-sterling-silver-toe-rings/wholesale-silver-rings-toe-925-ladies-sterling-jewelry-tr150,tr150,Wholesale Silver Rings Toe .925 Ladies Sterling Jewelry tr150 ,http://www.silverpalaceinc.com/image/cache/data/products/wholesale-silver-rings-toe-925-ladies-sterling-jewelry-tr150-594-1000x1000.jpg,tr150,Ring,,.925 Sterling Silver,Rhodium Plated,Silver adjustable toe ring. 1.20 gr.,
http://www.silverpalaceinc.com/wholesale-925-sterling-silver-316-stainless-steel-rhodium-brass-rings/wholesale-925-sterling-silver-toe-rings/wholesale-silver-rings-toe-925-ladies-sterling-jewelry-tr152,tr152,Wholesale Silver Rings Toe .925 Ladies Sterling Jewelry tr152 ,http://www.silverpalaceinc.com/image/cache/data/products/wholesale-silver-rings-toe-925-ladies-sterling-jewelry-tr152-984-1000x1000.jpg,tr152,Ring,,.925 Sterling Silver,Rhodium Plated,Silver adjustable toe ring. 1.30 gr.,
http://www.silverpalaceinc.com/wholesale-925-sterling-silver-316-stainless-steel-rhodium-brass-rings/wholesale-925-sterling-silver-toe-rings/wholesale-silver-rings-toe-925-ladies-sterling-jewelry-tr154,tr154,Wholesale Silver Rings Toe .925 Ladies Sterling Jewelry tr154 ,http://www.silverpalaceinc.com/image/cache/data/products/wholesale-silver-rings-toe-925-ladies-sterling-jewelry-tr154-130-1000x1000.jpg,tr154,Ring,,.925 Sterling Silver,Rhodium Plated,Silver adjustable toe ring. 1.30 gr.,
http://www.silverpalaceinc.com/wholesale-925-sterling-silver-316-stainless-steel-rhodium-brass-rings/wholesale-925-sterling-silver-toe-rings/wholesale-silver-rings-toe-925-ladies-sterling-jewelry-tr155,tr155,Wholesale Silver Rings Toe .925 Ladies Sterling Jewelry tr155 ,http://www.silverpalaceinc.com/image/cache/data/products/wholesale-silver-rings-toe-925-ladies-sterling-jewelry-tr155-118-1000x1000.jpg,tr155,Ring,,.925 Sterling Silver,Rhodium Plated,Silver adjustable toe ring. 1.30 gr.,
http://www.silverpalaceinc.com/wholesale-925-sterling-silver-316-stainless-steel-rhodium-brass-rings/wholesale-925-sterling-silver-toe-rings/wholesale-silver-rings-toe-925-ladies-sterling-jewelry-tr156,tr156,Wholesale Silver Rings Toe .925 Ladies Sterling Jewelry tr156 ,http://www.silverpalaceinc.com/image/cache/data/products/wholesale-silver-rings-toe-925-ladies-sterling-jewelry-tr156-912-1000x1000.jpg,tr156,Ring,,.925 Sterling Silver,Rhodium Plated,Silver adjustable toe ring. 1.50 gr.,
http://www.silverpalaceinc.com/wholesale-925-sterling-silver-316-stainless-steel-rhodium-brass-rings/wholesale-925-sterling-silver-toe-rings/wholesale-silver-rings-toe-925-ladies-sterling-jewelry-tr158,tr158,Wholesale Silver Rings Toe .925 Ladies Sterling Jewelry tr158 ,http://www.silverpalaceinc.com/image/cache/data/products/wholesale-silver-rings-toe-925-ladies-sterling-jewelry-tr158-145-1000x1000.jpg,tr158,Ring,,.925 Sterling Silver,Rhodium Plated,Silver adjustable toe ring. 1.30 gr.,
http://www.silverpalaceinc.com/wholesale-925-sterling-silver-316-stainless-steel-rhodium-brass-rings/wholesale-925-sterling-silver-toe-rings/wholesale-silver-rings-toe-925-ladies-sterling-jewelry-tr159,tr159,Wholesale Silver Rings Toe .925 Ladies Sterling Jewelry tr159 ,http://www.silverpalaceinc.com/image/cache/data/products/wholesale-silver-rings-toe-925-ladies-sterling-jewelry-tr159-765-1000x1000.jpg,tr159,Ring,,.925 Sterling Silver,Rhodium Plated,Silver adjustable toe ring. 1.70 gr.,
http://www.silverpalaceinc.com/wholesale-925-sterling-silver-316-stainless-steel-rhodium-brass-rings/wholesale-925-sterling-silver-toe-rings/wholesale-silver-rings-toe-925-ladies-sterling-jewelry-tr160,tr160,Wholesale Silver Rings Toe .925 Ladies Sterling Jewelry tr160 ,http://www.silverpalaceinc.com/image/cache/data/products/wholesale-silver-rings-toe-925-ladies-sterling-jewelry-tr160-830-1000x1000.jpg,tr160,Ring,,.925 Sterling Silver,Rhodium Plated,Silver adjustable toe ring. 1.20 gr.,
http://www.silverpalaceinc.com/wholesale-925-sterling-silver-316-stainless-steel-rhodium-brass-rings/wholesale-925-sterling-silver-toe-rings/wholesale-silver-rings-toe-925-ladies-sterling-jewelry-tr160c,tr160c,Wholesale Silver Rings Toe .925 Ladies Sterling Jewelry tr160c ,http://www.silverpalaceinc.com/image/cache/data/products/wholesale-silver-rings-toe-925-ladies-sterling-jewelry-tr160c-188-1000x1000.jpg,tr160c,Ring,,.925 Sterling Silver,Rhodium Plated,Silver continous toe ring. 1.10 gr.,
http://www.silverpalaceinc.com/wholesale-925-sterling-silver-316-stainless-steel-rhodium-brass-rings/wholesale-925-sterling-silver-toe-rings/wholesale-silver-rings-toe-925-ladies-sterling-jewelry-tr161,tr161,Wholesale Silver Rings Toe .925 Ladies Sterling Jewelry tr161 ,http://www.silverpalaceinc.com/image/cache/data/products/wholesale-silver-rings-toe-925-ladies-sterling-jewelry-tr161-919-1000x1000.jpg,tr161,Ring,,.925 Sterling Silver,Rhodium Plated,Silver adjustable toe ring. 2.00 gr.,
http://www.silverpalaceinc.com/wholesale-925-sterling-silver-316-stainless-steel-rhodium-brass-rings/wholesale-925-sterling-silver-toe-rings/wholesale-silver-rings-toe-925-ladies-sterling-jewelry-tr162,tr162,Wholesale Silver Rings Toe .925 Ladies Sterling Jewelry tr162 ,http://www.silverpalaceinc.com/image/cache/data/products/wholesale-silver-rings-toe-925-ladies-sterling-jewelry-tr162-902-1000x1000.jpg,tr162,Ring,,.925 Sterling Silver,Rhodium Plated,Silver adjustable toe ring. 1.80 gr.,
http://www.silverpalaceinc.com/wholesale-925-sterling-silver-316-stainless-steel-rhodium-brass-rings/wholesale-925-sterling-silver-toe-rings/wholesale-silver-rings-toe-925-ladies-sterling-jewelry-tr164,tr164,Wholesale Silver Rings Toe .925 Ladies Sterling Jewelry tr164 ,http://www.silverpalaceinc.com/image/cache/data/products/wholesale-silver-rings-toe-925-ladies-sterling-jewelry-tr164-210-1000x1000.jpg,tr164,Ring,,.925 Sterling Silver,Rhodium Plated,Silver adjustable toe ring. 1.60 gr.,
http://www.silverpalaceinc.com/wholesale-925-sterling-silver-316-stainless-steel-rhodium-brass-rings/wholesale-925-sterling-silver-toe-rings/wholesale-silver-rings-toe-925-ladies-sterling-jewelry-tr166,tr166,Wholesale Silver Rings Toe .925 Ladies Sterling Jewelry tr166 ,http://www.silverpalaceinc.com/image/cache/data/products/wholesale-silver-rings-toe-925-ladies-sterling-jewelry-tr166-328-1000x1000.jpg,tr166,Ring,,.925 Sterling Silver,Rhodium Plated,Silver adjustable toe ring. 1.70 gr.,
http://www.silverpalaceinc.com/wholesale-925-sterling-silver-316-stainless-steel-rhodium-brass-rings/wholesale-925-sterling-silver-toe-rings/wholesale-silver-rings-toe-925-ladies-sterling-jewelry-tr168,tr168,Wholesale Silver Rings Toe .925 Ladies Sterling Jewelry tr168 ,http://www.silverpalaceinc.com/image/cache/data/products/wholesale-silver-rings-toe-925-ladies-sterling-jewelry-tr168-824-1000x1000.jpg,tr168,Ring,,.925 Sterling Silver,Rhodium Plated,Silver adjustable toe ring. 1.20 gr.,
http://www.silverpalaceinc.com/wholesale-925-sterling-silver-316-stainless-steel-rhodium-brass-rings/wholesale-925-sterling-silver-toe-rings/wholesale-silver-rings-toe-925-ladies-sterling-jewelry-tr169,tr169,Wholesale Silver Rings Toe .925 Ladies Sterling Jewelry tr169 ,http://www.silverpalaceinc.com/image/cache/data/products/wholesale-silver-rings-toe-925-ladies-sterling-jewelry-tr169-530-1000x1000.jpg,tr169,Ring,,.925 Sterling Silver,Rhodium Plated,Silver adjustable toe ring. 1.40 gr.,
http://www.silverpalaceinc.com/wholesale-925-sterling-silver-316-stainless-steel-rhodium-brass-rings/wholesale-925-sterling-silver-toe-rings/wholesale-silver-rings-toe-925-ladies-sterling-jewelry-tr170,tr170,Wholesale Silver Rings Toe .925 Ladies Sterling Jewelry tr170 ,http://www.silverpalaceinc.com/image/cache/data/products/wholesale-silver-rings-toe-925-ladies-sterling-jewelry-tr170-459-1000x1000.jpg,tr170,Ring,,.925 Sterling Silver,Rhodium Plated,Silver adjustable toe ring. 1.40 gr.,
http://www.silverpalaceinc.com/wholesale-925-sterling-silver-316-stainless-steel-rhodium-brass-rings/wholesale-925-sterling-silver-toe-rings/wholesale-silver-rings-toe-925-ladies-sterling-jewelry-tr170c,tr170c,Wholesale Silver Rings Toe .925 Ladies Sterling Jewelry tr170c ,http://www.silverpalaceinc.com/image/cache/data/products/wholesale-silver-rings-toe-925-ladies-sterling-jewelry-tr170c-758-1000x1000.jpg,tr170c,Ring,,.925 Sterling Silver,Rhodium Plated,Silver continous toe ring. 1.00 gr.,
http://www.silverpalaceinc.com/wholesale-925-sterling-silver-316-stainless-steel-rhodium-brass-rings/wholesale-925-sterling-silver-toe-rings/wholesale-silver-rings-toe-925-ladies-sterling-jewelry-tr171,tr171,Wholesale Silver Rings Toe .925 Ladies Sterling Jewelry tr171 ,http://www.silverpalaceinc.com/image/cache/data/products/wholesale-silver-rings-toe-925-ladies-sterling-jewelry-tr171-131-1000x1000.jpg,tr171,Ring,,.925 Sterling Silver,Rhodium Plated,Silver adjustable toe ring. 1.10 gr.,
http://www.silverpalaceinc.com/wholesale-925-sterling-silver-316-stainless-steel-rhodium-brass-rings/wholesale-925-sterling-silver-toe-rings/wholesale-silver-rings-toe-925-ladies-sterling-jewelry-tr172,tr172,Wholesale Silver Rings Toe .925 Ladies Sterling Jewelry tr172 ,http://www.silverpalaceinc.com/image/cache/data/products/wholesale-silver-rings-toe-925-ladies-sterling-jewelry-tr172-628-1000x1000.jpg,tr172,Ring,,.925 Sterling Silver,Rhodium Plated,Silver adjustable toe ring. 1.60 gr.,
http://www.silverpalaceinc.com/wholesale-925-sterling-silver-316-stainless-steel-rhodium-brass-rings/wholesale-925-sterling-silver-toe-rings/wholesale-silver-rings-toe-925-ladies-sterling-jewelry-tr173,tr173,Wholesale Silver Rings Toe .925 Ladies Sterling Jewelry tr173 ,http://www.silverpalaceinc.com/image/cache/data/products/wholesale-silver-rings-toe-925-ladies-sterling-jewelry-tr173-565-1000x1000.jpg,tr173,Ring,,.925 Sterling Silver,Rhodium Plated,Silver adjustable toe ring. 1.90 gr.,
http://www.silverpalaceinc.com/wholesale-925-sterling-silver-316-stainless-steel-rhodium-brass-rings/wholesale-925-sterling-silver-toe-rings/wholesale-silver-rings-toe-925-ladies-sterling-jewelry-tr174,tr174,Wholesale Silver Rings Toe .925 Ladies Sterling Jewelry tr174 ,http://www.silverpalaceinc.com/image/cache/data/products/wholesale-silver-rings-toe-925-ladies-sterling-jewelry-tr174-444-1000x1000.jpg,tr174,Ring,,.925 Sterling Silver,Rhodium Plated,Silver adjustable toe ring. 1.80 gr.,
http://www.silverpalaceinc.com/wholesale-925-sterling-silver-316-stainless-steel-rhodium-brass-rings/wholesale-925-sterling-silver-toe-rings/wholesale-silver-rings-toe-925-ladies-sterling-jewelry-tr175,tr175,Wholesale Silver Rings Toe .925 Ladies Sterling Jewelry tr175 ,http://www.silverpalaceinc.com/image/cache/data/products/wholesale-silver-rings-toe-925-ladies-sterling-jewelry-tr175-848-1000x1000.jpg,tr175,Ring,,.925 Sterling Silver,Rhodium Plated,Silver adjustable toe ring. .90 gr.,
http://www.silverpalaceinc.com/wholesale-925-sterling-silver-316-stainless-steel-rhodium-brass-rings/wholesale-925-sterling-silver-toe-rings/wholesale-silver-rings-toe-925-ladies-sterling-jewelry-tr177,tr177,Wholesale Silver Rings Toe .925 Ladies Sterling Jewelry tr177 ,http://www.silverpalaceinc.com/image/cache/data/products/wholesale-silver-rings-toe-925-ladies-sterling-jewelry-tr177-240-1000x1000.jpg,tr177,Ring,,.925 Sterling Silver,Rhodium Plated,Silver adjustable toe ring. 1.00 gr.,
http://www.silverpalaceinc.com/wholesale-925-sterling-silver-316-stainless-steel-rhodium-brass-rings/wholesale-925-sterling-silver-toe-rings/wholesale-silver-rings-toe-925-ladies-sterling-jewelry-tr178,tr178,Wholesale Silver Rings Toe .925 Ladies Sterling Jewelry tr178 ,http://www.silverpalaceinc.com/image/cache/data/products/wholesale-silver-rings-toe-925-ladies-sterling-jewelry-tr178-899-1000x1000.jpg,tr178,Ring,,.925 Sterling Silver,Rhodium Plated,Silver adjustable toe ring. 1.10 gr.,
http://www.silverpalaceinc.com/wholesale-925-sterling-silver-316-stainless-steel-rhodium-brass-rings/wholesale-925-sterling-silver-toe-rings/wholesale-silver-rings-toe-925-ladies-sterling-jewelry-tr179,tr179,Wholesale Silver Rings Toe .925 Ladies Sterling Jewelry tr179 ,http://www.silverpalaceinc.com/image/cache/data/products/wholesale-silver-rings-toe-925-ladies-sterling-jewelry-tr179-516-1000x1000.jpg,tr179,Ring,,.925 Sterling Silver,Rhodium Plated,Silver adjustable toe ring. 1.30 gr.,
http://www.silverpalaceinc.com/wholesale-925-sterling-silver-316-stainless-steel-rhodium-brass-rings/wholesale-925-sterling-silver-toe-rings/wholesale-silver-rings-toe-925-ladies-sterling-jewelry-tr180,tr180,Wholesale Silver Rings Toe .925 Ladies Sterling Jewelry tr180 ,http://www.silverpalaceinc.com/image/cache/data/products/wholesale-silver-rings-toe-925-ladies-sterling-jewelry-tr180-773-1000x1000.jpg,tr180,Ring,,.925 Sterling Silver,Rhodium Plated,Silver adjustable toe ring. 1.30 gr.,
http://www.silverpalaceinc.com/wholesale-925-sterling-silver-316-stainless-steel-rhodium-brass-rings/wholesale-925-sterling-silver-toe-rings/wholesale-silver-rings-toe-925-ladies-sterling-jewelry-tr182,tr182,Wholesale Silver Rings Toe .925 Ladies Sterling Jewelry tr182 ,http://www.silverpalaceinc.com/image/cache/data/products/wholesale-silver-rings-toe-925-ladies-sterling-jewelry-tr182-669-1000x1000.jpg,tr182,Ring,,.925 Sterling Silver,Rhodium Plated,Silver adjustable toe ring. 1.10 gr.,
http://www.silverpalaceinc.com/wholesale-925-sterling-silver-316-stainless-steel-rhodium-brass-rings/wholesale-925-sterling-silver-toe-rings/wholesale-silver-rings-toe-925-ladies-sterling-jewelry-tr182c,tr182c,Wholesale Silver Rings Toe .925 Ladies Sterling Jewelry tr182c ,http://www.silverpalaceinc.com/image/cache/data/products/wholesale-silver-rings-toe-925-ladies-sterling-jewelry-tr182c-541-1000x1000.jpg,tr182c,Ring,,.925 Sterling Silver,Rhodium Plated,Silver continous toe ring. 1.10 gr.,
http://www.silverpalaceinc.com/wholesale-925-sterling-silver-316-stainless-steel-rhodium-brass-rings/wholesale-925-sterling-silver-toe-rings/wholesale-silver-rings-toe-925-ladies-sterling-jewelry-tr183,tr183,Wholesale Silver Rings Toe .925 Ladies Sterling Jewelry tr183 ,http://www.silverpalaceinc.com/image/cache/data/products/wholesale-silver-rings-toe-925-ladies-sterling-jewelry-tr183-459-1000x1000.jpg,tr183,Ring,,.925 Sterling Silver,Rhodium Plated,Silver adjustable toe ring. 1.30 gr.,
http://www.silverpalaceinc.com/wholesale-925-sterling-silver-316-stainless-steel-rhodium-brass-rings/wholesale-925-sterling-silver-toe-rings/wholesale-silver-rings-toe-925-ladies-sterling-jewelry-tr184,tr184,Wholesale Silver Rings Toe .925 Ladies Sterling Jewelry tr184 ,http://www.silverpalaceinc.com/image/cache/data/products/wholesale-silver-rings-toe-925-ladies-sterling-jewelry-tr184-571-1000x1000.jpg,tr184,Ring,,.925 Sterling Silver,Rhodium Plated,Silver adjustable toe ring. 1.70 gr.,
http://www.silverpalaceinc.com/wholesale-925-sterling-silver-316-stainless-steel-rhodium-brass-rings/wholesale-925-sterling-silver-toe-rings/wholesale-silver-rings-toe-925-ladies-sterling-jewelry-tr185,tr185,Wholesale Silver Rings Toe .925 Ladies Sterling Jewelry tr185 ,http://www.silverpalaceinc.com/image/cache/data/products/wholesale-silver-rings-toe-925-ladies-sterling-jewelry-tr185-825-1000x1000.jpg,tr185,Ring,,.925 Sterling Silver,Rhodium Plated,Silver adjustable toe ring. .70 gr.,
http://www.silverpalaceinc.com/wholesale-925-sterling-silver-316-stainless-steel-rhodium-brass-rings/wholesale-925-sterling-silver-toe-rings/wholesale-silver-rings-toe-925-ladies-sterling-jewelry-tr187,tr187,Wholesale Silver Rings Toe .925 Ladies Sterling Jewelry tr187 ,http://www.silverpalaceinc.com/image/cache/data/products/wholesale-silver-rings-toe-925-ladies-sterling-jewelry-tr187-862-1000x1000.jpg,tr187,Ring,,.925 Sterling Silver,Rhodium Plated,Silver adjustable toe ring. 1.60 gr.,
http://www.silverpalaceinc.com/wholesale-925-sterling-silver-316-stainless-steel-rhodium-brass-rings/wholesale-925-sterling-silver-toe-rings/wholesale-silver-rings-toe-925-ladies-sterling-jewelry-tr188,tr188,Wholesale Silver Rings Toe .925 Ladies Sterling Jewelry tr188 ,http://www.silverpalaceinc.com/image/cache/data/products/wholesale-silver-rings-toe-925-ladies-sterling-jewelry-tr188-876-1000x1000.jpg,tr188,Ring,,.925 Sterling Silver,Rhodium Plated,Silver adjustable toe ring. 1.50 gr.,
http://www.silverpalaceinc.com/wholesale-925-sterling-silver-316-stainless-steel-rhodium-brass-rings/wholesale-925-sterling-silver-toe-rings/wholesale-silver-rings-toe-925-ladies-sterling-jewelry-tr189,tr189,Wholesale Silver Rings Toe .925 Ladies Sterling Jewelry tr189 ,http://www.silverpalaceinc.com/image/cache/data/products/wholesale-silver-rings-toe-925-ladies-sterling-jewelry-tr189-271-1000x1000.jpg,tr189,Ring,,.925 Sterling Silver,Rhodium Plated,Silver adjustable toe ring. 2.10 gr.,
http://www.silverpalaceinc.com/wholesale-925-sterling-silver-316-stainless-steel-rhodium-brass-rings/wholesale-925-sterling-silver-toe-rings/wholesale-silver-rings-toe-925-ladies-sterling-jewelry-tr190,tr190,Wholesale Silver Rings Toe .925 Ladies Sterling Jewelry tr190 ,http://www.silverpalaceinc.com/image/cache/data/products/wholesale-silver-rings-toe-925-ladies-sterling-jewelry-tr190-569-1000x1000.jpg,tr190,Ring,,.925 Sterling Silver,Rhodium Plated,Silver adjustable toe ring. 1.90 gr.,
http://www.silverpalaceinc.com/wholesale-925-sterling-silver-316-stainless-steel-rhodium-brass-rings/wholesale-925-sterling-silver-toe-rings/wholesale-silver-rings-toe-925-ladies-sterling-jewelry-tr191,tr191,Wholesale Silver Rings Toe .925 Ladies Sterling Jewelry tr191 ,http://www.silverpalaceinc.com/image/cache/data/products/wholesale-silver-rings-toe-925-ladies-sterling-jewelry-tr191-302-1000x1000.jpg,tr191,Ring,,.925 Sterling Silver,Rhodium Plated,Silver adjustable toe ring. 2.30 gr.,
http://www.silverpalaceinc.com/wholesale-925-sterling-silver-316-stainless-steel-rhodium-brass-rings/wholesale-925-sterling-silver-toe-rings/wholesale-silver-rings-toe-925-ladies-sterling-jewelry-tr193,tr193,Wholesale Silver Rings Toe .925 Ladies Sterling Jewelry tr193 ,http://www.silverpalaceinc.com/image/cache/data/products/wholesale-silver-rings-toe-925-ladies-sterling-jewelry-tr193-139-1000x1000.jpg,tr193,Ring,,.925 Sterling Silver,Rhodium Plated,Silver adjustable toe ring. 1.60 gr.,
http://www.silverpalaceinc.com/wholesale-925-sterling-silver-316-stainless-steel-rhodium-brass-rings/wholesale-925-sterling-silver-toe-rings/wholesale-silver-rings-toe-925-ladies-sterling-jewelry-tr194,tr194,Wholesale Silver Rings Toe .925 Ladies Sterling Jewelry tr194 ,http://www.silverpalaceinc.com/image/cache/data/products/wholesale-silver-rings-toe-925-ladies-sterling-jewelry-tr194-244-1000x1000.jpg,tr194,Ring,,.925 Sterling Silver,Rhodium Plated,Silver adjustable toe ring. 1.70 gr.,
http://www.silverpalaceinc.com/wholesale-925-sterling-silver-316-stainless-steel-rhodium-brass-rings/wholesale-925-sterling-silver-toe-rings/wholesale-silver-rings-toe-925-ladies-sterling-jewelry-tr195,tr195,Wholesale Silver Rings Toe .925 Ladies Sterling Jewelry tr195 ,http://www.silverpalaceinc.com/image/cache/data/products/wholesale-silver-rings-toe-925-ladies-sterling-jewelry-tr195-128-1000x1000.jpg,tr195,Ring,,.925 Sterling Silver,Rhodium Plated,Silver adjustable toe ring. 1.70 gr.,
http://www.silverpalaceinc.com/wholesale-925-sterling-silver-316-stainless-steel-rhodium-brass-rings/wholesale-925-sterling-silver-toe-rings/wholesale-silver-rings-toe-925-ladies-sterling-jewelry-tr196,tr196,Wholesale Silver Rings Toe .925 Ladies Sterling Jewelry tr196 ,http://www.silverpalaceinc.com/image/cache/data/products/wholesale-silver-rings-toe-925-ladies-sterling-jewelry-tr196-466-1000x1000.jpg,tr196,Ring,,.925 Sterling Silver,Rhodium Plated,Silver adjustable toe ring. .90 gr.,
http://www.silverpalaceinc.com/wholesale-925-sterling-silver-316-stainless-steel-rhodium-brass-rings/wholesale-925-sterling-silver-toe-rings/wholesale-silver-rings-toe-925-ladies-sterling-jewelry-tr198,tr198,Wholesale Silver Rings Toe .925 Ladies Sterling Jewelry tr198 ,http://www.silverpalaceinc.com/image/cache/data/products/wholesale-silver-rings-toe-925-ladies-sterling-jewelry-tr198-961-1000x1000.jpg,tr198,Ring,,.925 Sterling Silver,Rhodium Plated,Silver adjustable toe ring. 1.50 gr.,
http://www.silverpalaceinc.com/wholesale-925-sterling-silver-316-stainless-steel-rhodium-brass-rings/wholesale-925-sterling-silver-toe-rings/wholesale-silver-rings-toe-925-ladies-sterling-jewelry-tr200,tr200,Wholesale Silver Rings Toe .925 Ladies Sterling Jewelry tr200 ,http://www.silverpalaceinc.com/image/cache/data/products/wholesale-silver-rings-toe-925-ladies-sterling-jewelry-tr200-567-1000x1000.jpg,tr200,Ring,,.925 Sterling Silver,Rhodium Plated,Silver adjustable toe ring. 1.90 gr.,
http://www.silverpalaceinc.com/wholesale-925-sterling-silver-316-stainless-steel-rhodium-brass-rings/wholesale-925-sterling-silver-toe-rings/wholesale-silver-rings-toe-925-ladies-sterling-jewelry-tr201,tr201,Wholesale Silver Rings Toe .925 Ladies Sterling Jewelry tr201 ,http://www.silverpalaceinc.com/image/cache/data/products/wholesale-silver-rings-toe-925-ladies-sterling-jewelry-tr201-271-1000x1000.jpg,tr201,Ring,,.925 Sterling Silver,Rhodium Plated,Silver adjustable toe ring. 2.00 gr.,
http://www.silverpalaceinc.com/wholesale-925-sterling-silver-316-stainless-steel-rhodium-brass-rings/wholesale-925-sterling-silver-toe-rings/wholesale-silver-rings-toe-925-ladies-sterling-jewelry-tr202,tr202,Wholesale Silver Rings Toe .925 Ladies Sterling Jewelry tr202 ,http://www.silverpalaceinc.com/image/cache/data/products/wholesale-silver-rings-toe-925-ladies-sterling-jewelry-tr202-294-1000x1000.jpg,tr202,Ring,,.925 Sterling Silver,Rhodium Plated,Silver adjustable toe ring. 1.20 gr.,
http://www.silverpalaceinc.com/wholesale-925-sterling-silver-316-stainless-steel-rhodium-brass-rings/wholesale-925-sterling-silver-toe-rings/wholesale-silver-rings-toe-925-ladies-sterling-jewelry-tr203,tr203,Wholesale Silver Rings Toe .925 Ladies Sterling Jewelry tr203 ,http://www.silverpalaceinc.com/image/cache/data/products/wholesale-silver-rings-toe-925-ladies-sterling-jewelry-tr203-617-1000x1000.jpg,tr203,Ring,,.925 Sterling Silver,Rhodium Plated,Silver adjustable toe ring. 1.20 gr.,
http://www.silverpalaceinc.com/wholesale-925-sterling-silver-316-stainless-steel-rhodium-brass-rings/wholesale-925-sterling-silver-toe-rings/wholesale-silver-rings-toe-925-ladies-sterling-jewelry-tr204,tr204,Wholesale Silver Rings Toe .925 Ladies Sterling Jewelry tr204 ,http://www.silverpalaceinc.com/image/cache/data/products/wholesale-silver-rings-toe-925-ladies-sterling-jewelry-tr204-765-1000x1000.jpg,tr204,Ring,,.925 Sterling Silver,Rhodium Plated,Silver adjustable toe ring. 1.10 gr.,
http://www.silverpalaceinc.com/wholesale-925-sterling-silver-316-stainless-steel-rhodium-brass-rings/wholesale-925-sterling-silver-toe-rings/wholesale-silver-rings-toe-925-ladies-sterling-jewelry-tr207,tr207,Wholesale Silver Rings Toe .925 Ladies Sterling Jewelry tr207 ,http://www.silverpalaceinc.com/image/cache/data/products/wholesale-silver-rings-toe-925-ladies-sterling-jewelry-tr207-856-1000x1000.jpg,tr207,Ring,,.925 Sterling Silver,Rhodium Plated,Silver adjustable toe ring. 2.00 gr.,
http://www.silverpalaceinc.com/wholesale-925-sterling-silver-316-stainless-steel-rhodium-brass-rings/wholesale-925-sterling-silver-toe-rings/wholesale-silver-rings-toe-925-ladies-sterling-jewelry-tr209,tr209,Wholesale Silver Rings Toe .925 Ladies Sterling Jewelry tr209 ,http://www.silverpalaceinc.com/image/cache/data/products/wholesale-silver-rings-toe-925-ladies-sterling-jewelry-tr209-854-1000x1000.jpg,tr209,Ring,,.925 Sterling Silver,Rhodium Plated,Silver adjustable toe ring. 1.60 gr.,
http://www.silverpalaceinc.com/wholesale-925-sterling-silver-316-stainless-steel-rhodium-brass-rings/wholesale-925-sterling-silver-toe-rings/wholesale-silver-rings-toe-925-ladies-sterling-jewelry-tr210,tr210,Wholesale Silver Rings Toe .925 Ladies Sterling Jewelry tr210 ,http://www.silverpalaceinc.com/image/cache/data/products/wholesale-silver-rings-toe-925-ladies-sterling-jewelry-tr210-898-1000x1000.jpg,tr210,Ring,,.925 Sterling Silver,Rhodium Plated,Silver adjustable toe ring. 2.60 gr.,
http://www.silverpalaceinc.com/wholesale-925-sterling-silver-316-stainless-steel-rhodium-brass-rings/wholesale-925-sterling-silver-toe-rings/wholesale-silver-rings-toe-925-ladies-sterling-jewelry-tr211,tr211,Wholesale Silver Rings Toe .925 Ladies Sterling Jewelry tr211 ,http://www.silverpalaceinc.com/image/cache/data/products/wholesale-silver-rings-toe-925-ladies-sterling-jewelry-tr211-389-1000x1000.jpg,tr211,Ring,,.925 Sterling Silver,Rhodium Plated,Silver adjustable toe ring. 1.30 gr.,
http://www.silverpalaceinc.com/wholesale-925-sterling-silver-316-stainless-steel-rhodium-brass-rings/wholesale-925-sterling-silver-toe-rings/wholesale-silver-rings-toe-925-ladies-sterling-jewelry-tr212,tr212,Wholesale Silver Rings Toe .925 Ladies Sterling Jewelry tr212 ,http://www.silverpalaceinc.com/image/cache/data/products/wholesale-silver-rings-toe-925-ladies-sterling-jewelry-tr212-557-1000x1000.jpg,tr212,Ring,,.925 Sterling Silver,Rhodium Plated,Silver adjustable toe ring. 1.20 gr.,
http://www.silverpalaceinc.com/wholesale-925-sterling-silver-316-stainless-steel-rhodium-brass-rings/wholesale-925-sterling-silver-toe-rings/wholesale-silver-rings-toe-925-ladies-sterling-jewelry-tr214,tr214,Wholesale Silver Rings Toe .925 Ladies Sterling Jewelry tr214 ,http://www.silverpalaceinc.com/image/cache/data/products/wholesale-silver-rings-toe-925-ladies-sterling-jewelry-tr214-490-1000x1000.jpg,tr214,Ring,,.925 Sterling Silver,Rhodium Plated,Silver adjustable toe ring. 1.50 gr.,
http://www.silverpalaceinc.com/wholesale-925-sterling-silver-316-stainless-steel-rhodium-brass-rings/wholesale-925-sterling-silver-toe-rings/wholesale-silver-rings-toe-925-ladies-sterling-jewelry-tr215,tr215,Wholesale Silver Rings Toe .925 Ladies Sterling Jewelry tr215 ,http://www.silverpalaceinc.com/image/cache/data/products/wholesale-silver-rings-toe-925-ladies-sterling-jewelry-tr215-852-1000x1000.jpg,tr215,Ring,,.925 Sterling Silver,Rhodium Plated,Silver adjustable toe ring. 1.90 gr.,
http://www.silverpalaceinc.com/wholesale-925-sterling-silver-316-stainless-steel-rhodium-brass-rings/wholesale-925-sterling-silver-toe-rings/wholesale-silver-rings-toe-925-ladies-sterling-jewelry-tr216,tr216,Wholesale Silver Rings Toe .925 Ladies Sterling Jewelry tr216 ,http://www.silverpalaceinc.com/image/cache/data/products/wholesale-silver-rings-toe-925-ladies-sterling-jewelry-tr216-202-1000x1000.jpg,tr216,Ring,,.925 Sterling Silver,Rhodium Plated,Silver adjustable toe ring. 1.50 gr.,
http://www.silverpalaceinc.com/wholesale-925-sterling-silver-316-stainless-steel-rhodium-brass-rings/wholesale-925-sterling-silver-toe-rings/wholesale-silver-rings-toe-925-ladies-sterling-jewelry-tr217,tr217,Wholesale Silver Rings Toe .925 Ladies Sterling Jewelry tr217 ,http://www.silverpalaceinc.com/image/cache/data/products/wholesale-silver-rings-toe-925-ladies-sterling-jewelry-tr217-942-1000x1000.jpg,tr217,Ring,,.925 Sterling Silver,Rhodium Plated,Silver adjustable toe ring. 1.20 gr.,
http://www.silverpalaceinc.com/wholesale-925-sterling-silver-316-stainless-steel-rhodium-brass-rings/wholesale-925-sterling-silver-toe-rings/wholesale-silver-rings-toe-925-ladies-sterling-jewelry-tr217c,tr217c,Wholesale Silver Rings Toe .925 Ladies Sterling Jewelry tr217c ,http://www.silverpalaceinc.com/image/cache/data/products/wholesale-silver-rings-toe-925-ladies-sterling-jewelry-tr217c-690-1000x1000.jpg,tr217c,Ring,,.925 Sterling Silver,Rhodium Plated,Silver continous toe ring. .60 gr.,
http://www.silverpalaceinc.com/wholesale-925-sterling-silver-316-stainless-steel-rhodium-brass-rings/wholesale-925-sterling-silver-toe-rings/wholesale-silver-rings-toe-925-ladies-sterling-jewelry-tr218,tr218,Wholesale Silver Rings Toe .925 Ladies Sterling Jewelry tr218 ,http://www.silverpalaceinc.com/image/cache/data/products/wholesale-silver-rings-toe-925-ladies-sterling-jewelry-tr218-568-1000x1000.jpg,tr218,Ring,,.925 Sterling Silver,Rhodium Plated,Silver adjustable toe ring. .90 gr.,
http://www.silverpalaceinc.com/wholesale-925-sterling-silver-316-stainless-steel-rhodium-brass-rings/wholesale-925-sterling-silver-toe-rings/wholesale-silver-rings-toe-925-ladies-sterling-jewelry-tr221,tr221,Wholesale Silver Rings Toe .925 Ladies Sterling Jewelry tr221 ,http://www.silverpalaceinc.com/image/cache/data/products/wholesale-silver-rings-toe-925-ladies-sterling-jewelry-tr221-331-1000x1000.jpg,tr221,Ring,,.925 Sterling Silver,Rhodium Plated,Silver adjustable toe ring. 1.20 gr.,
http://www.silverpalaceinc.com/wholesale-925-sterling-silver-316-stainless-steel-rhodium-brass-rings/wholesale-925-sterling-silver-toe-rings/wholesale-silver-rings-toe-925-ladies-sterling-jewelry-tr222,tr222,Wholesale Silver Rings Toe .925 Ladies Sterling Jewelry tr222 ,http://www.silverpalaceinc.com/image/cache/data/products/wholesale-silver-rings-toe-925-ladies-sterling-jewelry-tr222-780-1000x1000.jpg,tr222,Ring,,.925 Sterling Silver,Rhodium Plated,Silver adjustable toe ring. 1.00 gr.,
http://www.silverpalaceinc.com/wholesale-925-sterling-silver-316-stainless-steel-rhodium-brass-rings/wholesale-925-sterling-silver-toe-rings/wholesale-silver-rings-toe-925-ladies-sterling-jewelry-tr223,tr223,Wholesale Silver Rings Toe .925 Ladies Sterling Jewelry tr223 ,http://www.silverpalaceinc.com/image/cache/data/products/wholesale-silver-rings-toe-925-ladies-sterling-jewelry-tr223-291-1000x1000.jpg,tr223,Ring,,.925 Sterling Silver,Rhodium Plated,Silver adjustable toe ring. 1.70 gr.,
http://www.silverpalaceinc.com/wholesale-925-sterling-silver-316-stainless-steel-rhodium-brass-rings/wholesale-925-sterling-silver-toe-rings/wholesale-silver-rings-toe-925-ladies-sterling-jewelry-tr224,tr224,Wholesale Silver Rings Toe .925 Ladies Sterling Jewelry tr224 ,http://www.silverpalaceinc.com/image/cache/data/products/wholesale-silver-rings-toe-925-ladies-sterling-jewelry-tr224-447-1000x1000.jpg,tr224,Ring,,.925 Sterling Silver,Rhodium Plated,Silver adjustable toe ring. 1.30 gr.,
http://www.silverpalaceinc.com/wholesale-925-sterling-silver-316-stainless-steel-rhodium-brass-rings/wholesale-925-sterling-silver-toe-rings/wholesale-silver-rings-toe-925-ladies-sterling-jewelry-tr224c,tr224c,Wholesale Silver Rings Toe .925 Ladies Sterling Jewelry tr224c ,,tr224c,Ring,,.925 Sterling Silver,Rhodium Plated,Silver continous toe ring. 1.30 gr.,
http://www.silverpalaceinc.com/wholesale-925-sterling-silver-316-stainless-steel-rhodium-brass-rings/wholesale-925-sterling-silver-toe-rings/wholesale-silver-rings-toe-925-ladies-sterling-jewelry-tr225,tr225,Wholesale Silver Rings Toe .925 Ladies Sterling Jewelry tr225 ,http://www.silverpalaceinc.com/image/cache/data/products/wholesale-silver-rings-toe-925-ladies-sterling-jewelry-tr225-505-1000x1000.jpg,tr225,Ring,,.925 Sterling Silver,Rhodium Plated,Silver adjustable toe ring. 1.00 gr.,
http://www.silverpalaceinc.com/wholesale-925-sterling-silver-316-stainless-steel-rhodium-brass-rings/wholesale-925-sterling-silver-toe-rings/wholesale-silver-rings-toe-925-ladies-sterling-jewelry-tr228,tr228,Wholesale Silver Rings Toe .925 Ladies Sterling Jewelry tr228 ,http://www.silverpalaceinc.com/image/cache/data/products/wholesale-silver-rings-toe-925-ladies-sterling-jewelry-tr228-785-1000x1000.jpg,tr228,Ring,,.925 Sterling Silver,Rhodium Plated,Silver adjustable toe ring. 1.70 gr.,
http://www.silverpalaceinc.com/wholesale-925-sterling-silver-316-stainless-steel-rhodium-brass-rings/wholesale-925-sterling-silver-toe-rings/wholesale-silver-rings-toe-925-ladies-sterling-jewelry-tr230,tr230,Wholesale Silver Rings Toe .925 Ladies Sterling Jewelry tr230 ,http://www.silverpalaceinc.com/image/cache/data/products/wholesale-silver-rings-toe-925-ladies-sterling-jewelry-tr230-308-1000x1000.jpg,tr230,Ring,,.925 Sterling Silver,Rhodium Plated,Silver adjustable toe ring. .80 gr.,
http://www.silverpalaceinc.com/wholesale-925-sterling-silver-316-stainless-steel-rhodium-brass-rings/wholesale-925-sterling-silver-toe-rings/wholesale-silver-rings-toe-925-ladies-sterling-jewelry-tr231,tr231,Wholesale Silver Rings Toe .925 Ladies Sterling Jewelry tr231 ,http://www.silverpalaceinc.com/image/cache/data/products/wholesale-silver-rings-toe-925-ladies-sterling-jewelry-tr231-615-1000x1000.jpg,tr231,Ring,,.925 Sterling Silver,Rhodium Plated,Silver adjustable toe ring. 2.70 gr.,
http://www.silverpalaceinc.com/wholesale-925-sterling-silver-316-stainless-steel-rhodium-brass-rings/wholesale-925-sterling-silver-toe-rings/wholesale-silver-rings-toe-925-ladies-sterling-jewelry-tr231c,tr231c,Wholesale Silver Rings Toe .925 Ladies Sterling Jewelry tr231c ,,tr231c,Ring,,.925 Sterling Silver,Rhodium Plated,Silver continous toe ring. 2.90 gr.,
http://www.silverpalaceinc.com/wholesale-925-sterling-silver-316-stainless-steel-rhodium-brass-rings/wholesale-925-sterling-silver-toe-rings/wholesale-silver-rings-toe-925-ladies-sterling-jewelry-tr232,tr232,Wholesale Silver Rings Toe .925 Ladies Sterling Jewelry tr232 ,http://www.silverpalaceinc.com/image/cache/data/products/wholesale-silver-rings-toe-925-ladies-sterling-jewelry-tr232-638-1000x1000.jpg,tr232,Ring,,.925 Sterling Silver,Rhodium Plated,Silver adjustable toe ring. 1.60 gr.,
http://www.silverpalaceinc.com/wholesale-925-sterling-silver-316-stainless-steel-rhodium-brass-rings/wholesale-925-sterling-silver-toe-rings/wholesale-silver-rings-toe-925-ladies-sterling-jewelry-tr234,tr234,Wholesale Silver Rings Toe .925 Ladies Sterling Jewelry tr234 ,http://www.silverpalaceinc.com/image/cache/data/products/wholesale-silver-rings-toe-925-ladies-sterling-jewelry-tr234-154-1000x1000.jpg,tr234,Ring,,.925 Sterling Silver,Rhodium Plated,Silver adjustable toe ring. 1.40 gr.,
http://www.silverpalaceinc.com/wholesale-925-sterling-silver-316-stainless-steel-rhodium-brass-rings/wholesale-925-sterling-silver-toe-rings/wholesale-silver-rings-toe-925-ladies-sterling-jewelry-tr235,tr235,Wholesale Silver Rings Toe .925 Ladies Sterling Jewelry tr235 ,http://www.silverpalaceinc.com/image/cache/data/products/wholesale-silver-rings-toe-925-ladies-sterling-jewelry-tr235-804-1000x1000.jpg,tr235,Ring,,.925 Sterling Silver,Rhodium Plated,Silver adjustable toe ring. .90 gr.,
http://www.silverpalaceinc.com/wholesale-925-sterling-silver-316-stainless-steel-rhodium-brass-rings/wholesale-925-sterling-silver-toe-rings/wholesale-silver-rings-toe-925-ladies-sterling-jewelry-tr236,tr236,Wholesale Silver Rings Toe .925 Ladies Sterling Jewelry tr236 ,http://www.silverpalaceinc.com/image/cache/data/products/wholesale-silver-rings-toe-925-ladies-sterling-jewelry-tr236-597-1000x1000.jpg,tr236,Ring,,.925 Sterling Silver,Rhodium Plated,Silver adjustable toe ring. 1.20 gr.,
http://www.silverpalaceinc.com/wholesale-925-sterling-silver-316-stainless-steel-rhodium-brass-rings/wholesale-925-sterling-silver-toe-rings/wholesale-silver-rings-toe-925-ladies-sterling-jewelry-tr237,tr237,Wholesale Silver Rings Toe .925 Ladies Sterling Jewelry tr237 ,http://www.silverpalaceinc.com/image/cache/data/products/wholesale-silver-rings-toe-925-ladies-sterling-jewelry-tr237-990-1000x1000.jpg,tr237,Ring,,.925 Sterling Silver,Rhodium Plated,Silver adjustable toe ring. 1.20 gr.,
http://www.silverpalaceinc.com/wholesale-925-sterling-silver-316-stainless-steel-rhodium-brass-rings/wholesale-925-sterling-silver-toe-rings/wholesale-silver-rings-toe-925-ladies-sterling-jewelry-tr238,tr238,Wholesale Silver Rings Toe .925 Ladies Sterling Jewelry tr238 ,http://www.silverpalaceinc.com/image/cache/data/products/wholesale-silver-rings-toe-925-ladies-sterling-jewelry-tr238-497-1000x1000.jpg,tr238,Ring,,.925 Sterling Silver,Rhodium Plated,Silver adjustable toe ring. 1.00 gr.,
http://www.silverpalaceinc.com/wholesale-925-sterling-silver-316-stainless-steel-rhodium-brass-rings/wholesale-925-sterling-silver-toe-rings/wholesale-silver-rings-toe-925-ladies-sterling-jewelry-tr239,tr239,Wholesale Silver Rings Toe .925 Ladies Sterling Jewelry tr239 ,http://www.silverpalaceinc.com/image/cache/data/products/wholesale-silver-rings-toe-925-ladies-sterling-jewelry-tr239-837-1000x1000.jpg,tr239,Ring,,.925 Sterling Silver,Rhodium Plated,Silver adjustable toe ring. 1.10 gr.,
http://www.silverpalaceinc.com/wholesale-925-sterling-silver-316-stainless-steel-rhodium-brass-rings/wholesale-925-sterling-silver-toe-rings/wholesale-silver-rings-toe-925-ladies-sterling-jewelry-tr241,tr241,Wholesale Silver Rings Toe .925 Ladies Sterling Jewelry tr241 ,http://www.silverpalaceinc.com/image/cache/data/products/wholesale-silver-rings-toe-925-ladies-sterling-jewelry-tr241-652-1000x1000.jpg,tr241,Ring,,.925 Sterling Silver,Rhodium Plated,Silver adjustable toe ring. 1.10 gr.,
http://www.silverpalaceinc.com/wholesale-925-sterling-silver-316-stainless-steel-rhodium-brass-rings/wholesale-925-sterling-silver-toe-rings/wholesale-silver-rings-toe-925-ladies-sterling-jewelry-tr246,tr246,Wholesale Silver Rings Toe .925 Ladies Sterling Jewelry tr246 ,http://www.silverpalaceinc.com/image/cache/data/products/wholesale-silver-rings-toe-925-ladies-sterling-jewelry-tr246-125-1000x1000.jpg,tr246,Ring,,.925 Sterling Silver,Rhodium Plated,Silver adjustable toe ring. 1.40 gr.,
http://www.silverpalaceinc.com/wholesale-925-sterling-silver-316-stainless-steel-rhodium-brass-rings/wholesale-925-sterling-silver-toe-rings/wholesale-silver-rings-toe-925-ladies-sterling-jewelry-tr247,tr247,Wholesale Silver Rings Toe .925 Ladies Sterling Jewelry tr247 ,http://www.silverpalaceinc.com/image/cache/data/products/wholesale-silver-rings-toe-925-ladies-sterling-jewelry-tr247-120-1000x1000.jpg,tr247,Ring,,.925 Sterling Silver,Rhodium Plated,Silver adjustable toe ring. 1.40 gr.,
http://www.silverpalaceinc.com/wholesale-925-sterling-silver-316-stainless-steel-rhodium-brass-rings/wholesale-925-sterling-silver-toe-rings/wholesale-silver-rings-toe-925-ladies-sterling-jewelry-tr249,tr249,Wholesale Silver Rings Toe .925 Ladies Sterling Jewelry tr249 ,http://www.silverpalaceinc.com/image/cache/data/products/wholesale-silver-rings-toe-925-ladies-sterling-jewelry-tr249-218-1000x1000.jpg,tr249,Ring,,.925 Sterling Silver,Rhodium Plated,Silver adjustable toe ring. 1.20 gr.,
http://www.silverpalaceinc.com/wholesale-925-sterling-silver-316-stainless-steel-rhodium-brass-rings/wholesale-925-sterling-silver-toe-rings/wholesale-silver-rings-toe-925-ladies-sterling-jewelry-tr251,tr251,Wholesale Silver Rings Toe .925 Ladies Sterling Jewelry tr251 ,http://www.silverpalaceinc.com/image/cache/data/products/wholesale-silver-rings-toe-925-ladies-sterling-jewelry-tr251-197-1000x1000.jpg,tr251,Ring,,.925 Sterling Silver,Rhodium Plated,Silver adjustable toe ring. 1.40 gr.,
http://www.silverpalaceinc.com/wholesale-925-sterling-silver-316-stainless-steel-rhodium-brass-rings/wholesale-925-sterling-silver-toe-rings/wholesale-silver-rings-toe-925-ladies-sterling-jewelry-tr253,tr253,Wholesale Silver Rings Toe .925 Ladies Sterling Jewelry tr253 ,http://www.silverpalaceinc.com/image/cache/data/products/wholesale-silver-rings-toe-925-ladies-sterling-jewelry-tr253-114-1000x1000.jpg,tr253,Ring,,.925 Sterling Silver,Rhodium Plated,Silver adjustable toe ring. 2.00 gr.,
http://www.silverpalaceinc.com/wholesale-925-sterling-silver-316-stainless-steel-rhodium-brass-rings/wholesale-925-sterling-silver-toe-rings/wholesale-silver-rings-toe-925-ladies-sterling-jewelry-tr254,tr254,Wholesale Silver Rings Toe .925 Ladies Sterling Jewelry tr254 ,http://www.silverpalaceinc.com/image/cache/data/products/wholesale-silver-rings-toe-925-ladies-sterling-jewelry-tr254-931-1000x1000.jpg,tr254,Ring,,.925 Sterling Silver,Rhodium Plated,Silver adjustable toe ring. 1.00 gr.,
http://www.silverpalaceinc.com/wholesale-925-sterling-silver-316-stainless-steel-rhodium-brass-rings/wholesale-925-sterling-silver-toe-rings/wholesale-silver-rings-toe-925-ladies-sterling-jewelry-tr255,tr255,Wholesale Silver Rings Toe .925 Ladies Sterling Jewelry tr255 ,http://www.silverpalaceinc.com/image/cache/data/products/wholesale-silver-rings-toe-925-ladies-sterling-jewelry-tr255-567-1000x1000.jpg,tr255,Ring,,.925 Sterling Silver,Rhodium Plated,Silver adjustable toe ring. 2.50 gr.,
http://www.silverpalaceinc.com/wholesale-925-sterling-silver-316-stainless-steel-rhodium-brass-rings/wholesale-925-sterling-silver-toe-rings/wholesale-silver-rings-toe-925-ladies-sterling-jewelry-tr256,tr256,Wholesale Silver Rings Toe .925 Ladies Sterling Jewelry tr256 ,http://www.silverpalaceinc.com/image/cache/data/products/wholesale-silver-rings-toe-925-ladies-sterling-jewelry-tr256-431-1000x1000.jpg,tr256,Ring,,.925 Sterling Silver,Rhodium Plated,Silver adjustable toe ring. 1.30 gr.,
http://www.silverpalaceinc.com/wholesale-925-sterling-silver-316-stainless-steel-rhodium-brass-rings/wholesale-925-sterling-silver-toe-rings/wholesale-silver-rings-toe-925-ladies-sterling-jewelry-tr257,tr257,Wholesale Silver Rings Toe .925 Ladies Sterling Jewelry tr257 ,http://www.silverpalaceinc.com/image/cache/data/products/wholesale-silver-rings-toe-925-ladies-sterling-jewelry-tr257-263-1000x1000.jpg,tr257,Ring,,.925 Sterling Silver,Rhodium Plated,Silver adjustable toe ring. 1.00 gr.,
http://www.silverpalaceinc.com/wholesale-925-sterling-silver-316-stainless-steel-rhodium-brass-rings/wholesale-925-sterling-silver-toe-rings/wholesale-silver-rings-toe-925-ladies-sterling-jewelry-tr258,tr258,Wholesale Silver Rings Toe .925 Ladies Sterling Jewelry tr258 ,http://www.silverpalaceinc.com/image/cache/data/products/wholesale-silver-rings-toe-925-ladies-sterling-jewelry-tr258-221-1000x1000.jpg,tr258,Ring,,.925 Sterling Silver,Rhodium Plated,Silver adjustable toe ring. 1.00 gr.,
http://www.silverpalaceinc.com/wholesale-925-sterling-silver-316-stainless-steel-rhodium-brass-rings/wholesale-925-sterling-silver-toe-rings/wholesale-silver-rings-toe-925-ladies-sterling-jewelry-tr259,tr259,Wholesale Silver Rings Toe .925 Ladies Sterling Jewelry tr259 ,http://www.silverpalaceinc.com/image/cache/data/products/wholesale-silver-rings-toe-925-ladies-sterling-jewelry-tr259-853-1000x1000.jpg,tr259,Ring,,.925 Sterling Silver,Rhodium Plated,Silver adjustable toe ring. 1.60 gr.,
http://www.silverpalaceinc.com/wholesale-925-sterling-silver-316-stainless-steel-rhodium-brass-rings/wholesale-925-sterling-silver-toe-rings/wholesale-silver-rings-toe-925-ladies-sterling-jewelry-tr260,tr260,Wholesale Silver Rings Toe .925 Ladies Sterling Jewelry tr260 ,http://www.silverpalaceinc.com/image/cache/data/products/wholesale-silver-rings-toe-925-ladies-sterling-jewelry-tr260-205-1000x1000.jpg,tr260,Ring,,.925 Sterling Silver,Rhodium Plated,Silver adjustable toe ring. 1.10 gr.,
http://www.silverpalaceinc.com/wholesale-925-sterling-silver-316-stainless-steel-rhodium-brass-rings/wholesale-925-sterling-silver-toe-rings/wholesale-silver-rings-toe-925-ladies-sterling-jewelry-tr261,tr261,Wholesale Silver Rings Toe .925 Ladies Sterling Jewelry tr261 ,http://www.silverpalaceinc.com/image/cache/data/products/wholesale-silver-rings-toe-925-ladies-sterling-jewelry-tr261-784-1000x1000.jpg,tr261,Ring,,.925 Sterling Silver,Rhodium Plated,Silver adjustable toe ring. .70 gr.,
http://www.silverpalaceinc.com/wholesale-925-sterling-silver-316-stainless-steel-rhodium-brass-rings/wholesale-925-sterling-silver-toe-rings/wholesale-silver-rings-toe-925-ladies-sterling-jewelry-tr262,tr262,Wholesale Silver Rings Toe .925 Ladies Sterling Jewelry tr262 ,http://www.silverpalaceinc.com/image/cache/data/products/wholesale-silver-rings-toe-925-ladies-sterling-jewelry-tr262-158-1000x1000.jpg,tr262,Ring,,.925 Sterling Silver,Rhodium Plated,Silver adjustable toe ring. 2.20 gr.,
http://www.silverpalaceinc.com/wholesale-925-sterling-silver-316-stainless-steel-rhodium-brass-rings/wholesale-925-sterling-silver-toe-rings/wholesale-silver-rings-toe-925-ladies-sterling-jewelry-tr263,tr263,Wholesale Silver Rings Toe .925 Ladies Sterling Jewelry tr263 ,http://www.silverpalaceinc.com/image/cache/data/products/wholesale-silver-rings-toe-925-ladies-sterling-jewelry-tr263-343-1000x1000.jpg,tr263,Ring,,.925 Sterling Silver,Rhodium Plated,Silver adjustable toe ring. 2.00 gr.,
http://www.silverpalaceinc.com/wholesale-925-sterling-silver-316-stainless-steel-rhodium-brass-rings/wholesale-925-sterling-silver-toe-rings/wholesale-silver-rings-toe-925-ladies-sterling-jewelry-tr264,tr264,Wholesale Silver Rings Toe .925 Ladies Sterling Jewelry tr264 ,http://www.silverpalaceinc.com/image/cache/data/products/wholesale-silver-rings-toe-925-ladies-sterling-jewelry-tr264-142-1000x1000.jpg,tr264,Ring,,.925 Sterling Silver,Rhodium Plated,Silver adjustable toe ring. 1.60 gr.,
http://www.silverpalaceinc.com/wholesale-925-sterling-silver-316-stainless-steel-rhodium-brass-rings/wholesale-925-sterling-silver-toe-rings/wholesale-silver-rings-toe-925-ladies-sterling-jewelry-tr266,tr266,Wholesale Silver Rings Toe .925 Ladies Sterling Jewelry tr266 ,http://www.silverpalaceinc.com/image/cache/data/products/wholesale-silver-rings-toe-925-ladies-sterling-jewelry-tr266-757-1000x1000.jpg,tr266,Ring,,.925 Sterling Silver,Rhodium Plated,Silver adjustable toe ring. 1.50 gr.,
http://www.silverpalaceinc.com/wholesale-925-sterling-silver-316-stainless-steel-rhodium-brass-rings/wholesale-925-sterling-silver-toe-rings/wholesale-silver-rings-toe-925-ladies-sterling-jewelry-tr267,tr267,Wholesale Silver Rings Toe .925 Ladies Sterling Jewelry tr267 ,http://www.silverpalaceinc.com/image/cache/data/products/wholesale-silver-rings-toe-925-ladies-sterling-jewelry-tr267-870-1000x1000.jpg,tr267,Ring,,.925 Sterling Silver,Rhodium Plated,Silver adjustable toe ring. 1.20 gr.,
http://www.silverpalaceinc.com/wholesale-925-sterling-silver-316-stainless-steel-rhodium-brass-rings/wholesale-925-sterling-silver-toe-rings/wholesale-silver-rings-toe-925-ladies-sterling-jewelry-tr268,tr268,Wholesale Silver Rings Toe .925 Ladies Sterling Jewelry tr268 ,http://www.silverpalaceinc.com/image/cache/data/products/wholesale-silver-rings-toe-925-ladies-sterling-jewelry-tr268-516-1000x1000.jpg,tr268,Ring,,.925 Sterling Silver,Rhodium Plated,Silver adjustable toe ring. 1.60 gr.,
http://www.silverpalaceinc.com/wholesale-925-sterling-silver-316-stainless-steel-rhodium-brass-rings/wholesale-925-sterling-silver-toe-rings/wholesale-silver-rings-toe-925-ladies-sterling-jewelry-tr270,tr270,Wholesale Silver Rings Toe .925 Ladies Sterling Jewelry tr270 ,http://www.silverpalaceinc.com/image/cache/data/products/wholesale-silver-rings-toe-925-ladies-sterling-jewelry-tr270-804-1000x1000.jpg,tr270,Ring,,.925 Sterling Silver,Rhodium Plated,Silver adjustable toe ring. 1.60 gr.,
http://www.silverpalaceinc.com/wholesale-925-sterling-silver-316-stainless-steel-rhodium-brass-rings/wholesale-925-sterling-silver-toe-rings/wholesale-silver-rings-toe-925-ladies-sterling-jewelry-tr271,tr271,Wholesale Silver Rings Toe .925 Ladies Sterling Jewelry tr271 ,http://www.silverpalaceinc.com/image/cache/data/products/wholesale-silver-rings-toe-925-ladies-sterling-jewelry-tr271-935-1000x1000.jpg,tr271,Ring,,.925 Sterling Silver,Rhodium Plated,Silver adjustable toe ring. 1.40 gr.,
http://www.silverpalaceinc.com/wholesale-925-sterling-silver-316-stainless-steel-rhodium-brass-rings/wholesale-925-sterling-silver-toe-rings/wholesale-silver-rings-toe-925-ladies-sterling-jewelry-tr272,tr272,Wholesale Silver Rings Toe .925 Ladies Sterling Jewelry tr272 ,http://www.silverpalaceinc.com/image/cache/data/products/wholesale-silver-rings-toe-925-ladies-sterling-jewelry-tr272-916-1000x1000.jpg,tr272,Ring,,.925 Sterling Silver,Rhodium Plated,Silver adjustable toe ring. 1.20 gr.,
http://www.silverpalaceinc.com/wholesale-925-sterling-silver-316-stainless-steel-rhodium-brass-rings/wholesale-925-sterling-silver-toe-rings/wholesale-silver-rings-toe-925-ladies-sterling-jewelry-tr273,tr273,Wholesale Silver Rings Toe .925 Ladies Sterling Jewelry tr273 ,http://www.silverpalaceinc.com/image/cache/data/products/wholesale-silver-rings-toe-925-ladies-sterling-jewelry-tr273-530-1000x1000.jpg,tr273,Ring,,.925 Sterling Silver,Rhodium Plated,Silver adjustable toe ring. 1.60 gr.,
http://www.silverpalaceinc.com/wholesale-925-sterling-silver-316-stainless-steel-rhodium-brass-rings/wholesale-925-sterling-silver-toe-rings/wholesale-silver-rings-toe-925-ladies-sterling-jewelry-tr274,tr274,Wholesale Silver Rings Toe .925 Ladies Sterling Jewelry tr274 ,http://www.silverpalaceinc.com/image/cache/data/products/wholesale-silver-rings-toe-925-ladies-sterling-jewelry-tr274-715-1000x1000.jpg,tr274,Ring,,.925 Sterling Silver,Rhodium Plated,Silver adjustable toe ring. 1.60 gr,
http://www.silverpalaceinc.com/wholesale-925-sterling-silver-316-stainless-steel-rhodium-brass-rings/wholesale-925-sterling-silver-toe-rings/wholesale-silver-rings-toe-925-ladies-sterling-jewelry-tr275,tr275,Wholesale Silver Rings Toe .925 Ladies Sterling Jewelry tr275 ,http://www.silverpalaceinc.com/image/cache/data/products/wholesale-silver-rings-toe-925-ladies-sterling-jewelry-tr275-635-1000x1000.jpg,tr275,Ring,,.925 Sterling Silver,Rhodium Plated,Silver adjustable toe ring. 1.50 gr.,
http://www.silverpalaceinc.com/wholesale-925-sterling-silver-316-stainless-steel-rhodium-brass-rings/wholesale-925-sterling-silver-toe-rings/wholesale-silver-rings-toe-925-ladies-sterling-jewelry-tr276,tr276,Wholesale Silver Rings Toe .925 Ladies Sterling Jewelry tr276 ,http://www.silverpalaceinc.com/image/cache/data/products/wholesale-silver-rings-toe-925-ladies-sterling-jewelry-tr276-576-1000x1000.jpg,tr276,Ring,,.925 Sterling Silver,Rhodium Plated,Silver adjustable toe ring. 1.80 gr.,
http://www.silverpalaceinc.com/wholesale-925-sterling-silver-316-stainless-steel-rhodium-brass-rings/wholesale-925-sterling-silver-toe-rings/wholesale-silver-rings-toe-925-ladies-sterling-jewelry-tr277,tr277,Wholesale Silver Rings Toe .925 Ladies Sterling Jewelry tr277 ,http://www.silverpalaceinc.com/image/cache/data/products/wholesale-silver-rings-toe-925-ladies-sterling-jewelry-tr277-476-1000x1000.jpg,tr277,Ring,,.925 Sterling Silver,Rhodium Plated,Silver adjustable toe ring. 1.50 gr.,
http://www.silverpalaceinc.com/wholesale-925-sterling-silver-316-stainless-steel-rhodium-brass-rings/wholesale-925-sterling-silver-toe-rings/wholesale-silver-rings-toe-925-ladies-sterling-jewelry-tr279,tr279,Wholesale Silver Rings Toe .925 Ladies Sterling Jewelry tr279 ,http://www.silverpalaceinc.com/image/cache/data/products/wholesale-silver-rings-toe-925-ladies-sterling-jewelry-tr279-811-1000x1000.jpg,tr279,Ring,,.925 Sterling Silver,Rhodium Plated,Silver adjustable toe ring. 1.70 gr.,
http://www.silverpalaceinc.com/wholesale-925-sterling-silver-316-stainless-steel-rhodium-brass-rings/wholesale-925-sterling-silver-toe-rings/wholesale-silver-rings-toe-925-ladies-sterling-jewelry-tr280,tr280,Wholesale Silver Rings Toe .925 Ladies Sterling Jewelry tr280 ,http://www.silverpalaceinc.com/image/cache/data/products/wholesale-silver-rings-toe-925-ladies-sterling-jewelry-tr280-284-1000x1000.jpg,tr280,Ring,,.925 Sterling Silver,Rhodium Plated,Silver adjustable toe ring. 1.90 gr.,
http://www.silverpalaceinc.com/wholesale-925-sterling-silver-316-stainless-steel-rhodium-brass-rings/wholesale-925-sterling-silver-toe-rings/wholesale-silver-rings-toe-925-ladies-sterling-jewelry-tr282,tr282,Wholesale Silver Rings Toe .925 Ladies Sterling Jewelry tr282 ,http://www.silverpalaceinc.com/image/cache/data/products/wholesale-silver-rings-toe-925-ladies-sterling-jewelry-tr282-781-1000x1000.jpg,tr282,Ring,,.925 Sterling Silver,Rhodium Plated,Silver adjustable toe ring. .90 gr.,
http://www.silverpalaceinc.com/wholesale-925-sterling-silver-316-stainless-steel-rhodium-brass-rings/wholesale-925-sterling-silver-toe-rings/wholesale-silver-rings-toe-925-ladies-sterling-jewelry-tr286,tr286,Wholesale Silver Rings Toe .925 Ladies Sterling Jewelry tr286 ,http://www.silverpalaceinc.com/image/cache/data/products/wholesale-silver-rings-toe-925-ladies-sterling-jewelry-tr286-580-1000x1000.jpg,tr286,Ring,,.925 Sterling Silver,Rhodium Plated,Silver adjustable toe ring. 1.80 gr.,
http://www.silverpalaceinc.com/wholesale-925-sterling-silver-316-stainless-steel-rhodium-brass-rings/wholesale-925-sterling-silver-toe-rings/wholesale-silver-rings-toe-925-ladies-sterling-jewelry-tr287,tr287,Wholesale Silver Rings Toe .925 Ladies Sterling Jewelry tr287 ,http://www.silverpalaceinc.com/image/cache/data/products/wholesale-silver-rings-toe-925-ladies-sterling-jewelry-tr287-797-1000x1000.jpg,tr287,Ring,,.925 Sterling Silver,Rhodium Plated,Silver adjustable toe ring. 1.10 gr.,
http://www.silverpalaceinc.com/wholesale-925-sterling-silver-316-stainless-steel-rhodium-brass-rings/wholesale-925-sterling-silver-toe-rings/wholesale-silver-rings-toe-925-ladies-sterling-jewelry-tr288,tr288,Wholesale Silver Rings Toe .925 Ladies Sterling Jewelry tr288 ,http://www.silverpalaceinc.com/image/cache/data/products/wholesale-silver-rings-toe-925-ladies-sterling-jewelry-tr288-887-1000x1000.jpg,tr288,Ring,,.925 Sterling Silver,Rhodium Plated,Silver adjustable toe ring. 1.10 gr.,
http://www.silverpalaceinc.com/wholesale-925-sterling-silver-316-stainless-steel-rhodium-brass-rings/wholesale-925-sterling-silver-toe-rings/wholesale-silver-rings-toe-925-ladies-sterling-jewelry-tr289,tr289,Wholesale Silver Rings Toe .925 Ladies Sterling Jewelry tr289 ,http://www.silverpalaceinc.com/image/cache/data/products/wholesale-silver-rings-toe-925-ladies-sterling-jewelry-tr289-213-1000x1000.jpg,tr289,Ring,,.925 Sterling Silver,Rhodium Plated,Silver adjustable toe ring. 1.50 gr.,
http://www.silverpalaceinc.com/wholesale-925-sterling-silver-316-stainless-steel-rhodium-brass-rings/wholesale-925-sterling-silver-toe-rings/wholesale-silver-rings-toe-925-ladies-sterling-jewelry-tr290,tr290,Wholesale Silver Rings Toe .925 Ladies Sterling Jewelry tr290 ,http://www.silverpalaceinc.com/image/cache/data/products/wholesale-silver-rings-toe-925-ladies-sterling-jewelry-tr290-635-1000x1000.jpg,tr290,Ring,,.925 Sterling Silver,Rhodium Plated,Silver adjustable toe ring. .70 gr.,
http://www.silverpalaceinc.com/wholesale-925-sterling-silver-316-stainless-steel-rhodium-brass-rings/wholesale-925-sterling-silver-toe-rings/wholesale-silver-rings-toe-925-ladies-sterling-jewelry-tr291,tr291,Wholesale Silver Rings Toe .925 Ladies Sterling Jewelry tr291 ,http://www.silverpalaceinc.com/image/cache/data/products/wholesale-silver-rings-toe-925-ladies-sterling-jewelry-tr291-834-1000x1000.jpg,tr291,Ring,,.925 Sterling Silver,Rhodium Plated,Silver adjustable toe ring. 1.10 gr.,
http://www.silverpalaceinc.com/wholesale-925-sterling-silver-316-stainless-steel-rhodium-brass-rings/wholesale-925-sterling-silver-toe-rings/wholesale-silver-rings-toe-925-ladies-sterling-jewelry-tr292,tr292,Wholesale Silver Rings Toe .925 Ladies Sterling Jewelry tr292 ,http://www.silverpalaceinc.com/image/cache/data/products/wholesale-silver-rings-toe-925-ladies-sterling-jewelry-tr292-653-1000x1000.jpg,tr292,Ring,,.925 Sterling Silver,Rhodium Plated,Silver adjustable toe ring. 1.20 gr.,
http://www.silverpalaceinc.com/wholesale-925-sterling-silver-316-stainless-steel-rhodium-brass-rings/wholesale-925-sterling-silver-toe-rings/wholesale-silver-rings-toe-925-ladies-sterling-jewelry-tr293,tr293,Wholesale Silver Rings Toe .925 Ladies Sterling Jewelry tr293 ,http://www.silverpalaceinc.com/image/cache/data/products/wholesale-silver-rings-toe-925-ladies-sterling-jewelry-tr293-973-1000x1000.jpg,tr293,Ring,,.925 Sterling Silver,Rhodium Plated,Silver adjustable toe ring. 1.40 gr.,
http://www.silverpalaceinc.com/wholesale-925-sterling-silver-316-stainless-steel-rhodium-brass-rings/wholesale-925-sterling-silver-toe-rings/wholesale-silver-rings-toe-925-ladies-sterling-jewelry-tr294,tr294,Wholesale Silver Rings Toe .925 Ladies Sterling Jewelry tr294 ,http://www.silverpalaceinc.com/image/cache/data/products/wholesale-silver-rings-toe-925-ladies-sterling-jewelry-tr294-997-1000x1000.jpg,tr294,Ring,,.925 Sterling Silver,Rhodium Plated,Silver adjustable toe ring. 1.60 gr.,
http://www.silverpalaceinc.com/wholesale-925-sterling-silver-316-stainless-steel-rhodium-brass-rings/wholesale-925-sterling-silver-toe-rings/wholesale-silver-rings-toe-925-ladies-sterling-jewelry-tr295,tr295,Wholesale Silver Rings Toe .925 Ladies Sterling Jewelry tr295 ,http://www.silverpalaceinc.com/image/cache/data/products/wholesale-silver-rings-toe-925-ladies-sterling-jewelry-tr295-777-1000x1000.jpg,tr295,Ring,,.925 Sterling Silver,Rhodium Plated,Silver adjustable toe ring. 1.20 gr,
http://www.silverpalaceinc.com/wholesale-925-sterling-silver-316-stainless-steel-rhodium-brass-rings/wholesale-925-sterling-silver-toe-rings/wholesale-silver-rings-toe-925-ladies-sterling-jewelry-tr296,tr296,Wholesale Silver Rings Toe .925 Ladies Sterling Jewelry tr296 ,http://www.silverpalaceinc.com/image/cache/data/products/wholesale-silver-rings-toe-925-ladies-sterling-jewelry-tr296-525-1000x1000.jpg,tr296,Ring,,.925 Sterling Silver,Rhodium Plated,Silver adjustable toe ring. .70 gr.,
http://www.silverpalaceinc.com/wholesale-925-sterling-silver-316-stainless-steel-rhodium-brass-rings/wholesale-925-sterling-silver-toe-rings/wholesale-silver-rings-toe-925-ladies-sterling-jewelry-tr297,tr297,Wholesale Silver Rings Toe .925 Ladies Sterling Jewelry tr297 ,http://www.silverpalaceinc.com/image/cache/data/products/wholesale-silver-rings-toe-925-ladies-sterling-jewelry-tr297-121-1000x1000.jpg,tr297,Ring,,.925 Sterling Silver,Rhodium Plated,Silver adjustable toe ring. 1.50 gr.,
http://www.silverpalaceinc.com/wholesale-925-sterling-silver-316-stainless-steel-rhodium-brass-rings/wholesale-925-sterling-silver-toe-rings/wholesale-silver-rings-toe-925-ladies-sterling-jewelry-tr298,tr298,Wholesale Silver Rings Toe .925 Ladies Sterling Jewelry tr298 ,http://www.silverpalaceinc.com/image/cache/data/products/wholesale-silver-rings-toe-925-ladies-sterling-jewelry-tr298-935-1000x1000.jpg,tr298,Ring,,.925 Sterling Silver,Rhodium Plated,Silver adjustable toe ring. 1.40 gr.,
http://www.silverpalaceinc.com/wholesale-925-sterling-silver-316-stainless-steel-rhodium-brass-rings/wholesale-925-sterling-silver-toe-rings/wholesale-silver-rings-toe-925-ladies-sterling-jewelry-tr299,tr299,Wholesale Silver Rings Toe .925 Ladies Sterling Jewelry tr299 ,http://www.silverpalaceinc.com/image/cache/data/products/wholesale-silver-rings-toe-925-ladies-sterling-jewelry-tr299-161-1000x1000.jpg,tr299,Ring,,.925 Sterling Silver,Rhodium Plated,Silver adjustable toe ring. 2.00 gr.,
